Book_Id,ISBN,ISBN13,My_Rating,Date_Read,Date_Added,Bookshelves,Exclusive_Shelf,My_Review,Spoiler,Private_Notes,Read_Count,Original_Purchase_Date
49774,,,3,22/05/2015,19/08/2014,paperback,read,,,,1,
21796414,,,0,,20/12/2018,"ebook, currently-reading",currently-reading,,,,1,
29360904,1409159019,9781409159018,4,4/10/2015,27/09/2015,paperback,read,,,,1,
38213085,1405934131,9781405934138,0,,4/10/2019,"currently-reading, paperback",currently-reading,,,,1,
25115882,,,4,3/10/2019,24/05/2016,ebook,read,,,,1,
47173158,,,3,19/09/2019,26/12/2014,ebook,read,,,,1,
770565,0688103804,9780688103804,0,,26/08/2019,paperback,read,,,,0,
61926,0345419359,9780345419354,0,,26/08/2019,paperback,read,,,,0,
127586,0345341678,9780345341679,0,,26/08/2019,paperback,read,,,,0,
28547,0689860072,9780689860072,0,,26/08/2019,paperback,read,,,,0,
177938,0553188445,9780553188448,0,,26/08/2019,paperback,read,,,,0,
28541,141692499X,9781416924999,0,,26/08/2019,paperback,read,,,,0,
127584,,,0,,26/08/2019,paperback,read,,,,0,
61975,0345484266,9780345484260,0,,26/08/2019,paperback,read,,,,0,
18889,0788720392,9780788720390,0,,26/08/2019,paperback,read,,,,0,
18892,0451454243,9780451454249,0,,26/08/2019,paperback,read,,,,0,
40605251,,,0,,26/08/2019,paperback,read,,,,0,
43919,0586071393,9780586071397,0,,26/08/2019,paperback,read,,,,0,
18884,0345422554,9780345422552,0,,26/08/2019,paperback,read,,,,0,
189802,0345403959,9780345403957,0,,26/08/2019,paperback,read,,,,0,
44687,0345300785,9780345300782,0,,26/08/2019,paperback,read,,,,0,
645023,0345335708,9780345335708,0,,26/08/2019,paperback,read,,,,0,
44688,0345335457,9780345335456,0,,26/08/2019,paperback,read,,,,0,
587582,0345335651,9780345335654,0,,26/08/2019,paperback,read,,,,0,
44659,0345468643,9780345468642,0,,26/08/2019,paperback,read,,,,0,
10596,0451191013,9780451191014,0,,26/08/2019,paperback,read,,,,0,
17660,,,0,,26/08/2019,paperback,read,,,,0,
10605,0451190750,9780451190758,0,,26/08/2019,paperback,read,,,,0,
5129,0060929871,9780060929879,0,,26/08/2019,paperback,read,,,,0,
18512,,,0,,26/08/2019,paperback,read,,,,0,
15241,0618346260,9780618346264,0,,26/08/2019,paperback,read,,,,0,
34,0618346252,9780618346257,0,,26/08/2019,paperback,read,,,,0,
5907,0618260307,9780618260300,0,,26/08/2019,paperback,read,,,,0,
18342283,0399160477,9780399160479,0,,26/08/2019,paperback,read,,,,0,
19675,0006479758,9780006479758,0,,26/08/2019,paperback,read,,,,0,
19670,0425147584,9780425147580,0,,26/08/2019,paperback,read,,,,0,
34993,0425184226,9780425184226,0,,26/08/2019,paperback,read,,,,0,
32669,0425144372,9780425144374,0,,26/08/2019,paperback,read,,,,0,
382549,0425116840,9780425116845,0,,26/08/2019,paperback,read,,,,0,
19691,0425172902,9780425172902,0,,26/08/2019,paperback,read,,,,0,
19707,0399148701,9780399148705,0,,26/08/2019,paperback,read,,,,0,
32682,0425134350,9780425134351,0,,26/08/2019,paperback,read,,,,0,
1855153,0140008535,9780140008531,0,,26/08/2019,paperback,read,,,,0,
395868,1903015111,9781903015117,0,,26/08/2019,paperback,read,,,,0,
35231,0812513754,9780812513752,0,,26/08/2019,paperback,read,,,,0,
13895,1857232097,9781857232097,0,,26/08/2019,paperback,read,,,,0,
9539,0812513738,9780812513738,0,,26/08/2019,paperback,read,,,,0,
34897,0765305119,9780765305114,0,,26/08/2019,paperback,read,,,,0,
233649,0812517725,9780812517729,0,,26/08/2019,paperback,read,,,,0,
228665,0812511816,9780812511819,0,,26/08/2019,paperback,read,,,,0,
8834,055277183X,9780552771832,0,,26/08/2019,paperback,read,,,,0,
242241,059305749X,9780593057490,0,,26/08/2019,paperback,read,,,,0,
242252,0552154490,9780552154499,0,,26/08/2019,paperback,read,,,,0,
8829,0552771236,9780552771238,0,,26/08/2019,paperback,read,,,,0,
242242,0552154482,9780552154482,0,,26/08/2019,paperback,read,,,,0,
8828,0552999954,9780552999953,0,,26/08/2019,paperback,read,,,,0,
8826,0552999458,9780552999458,0,,26/08/2019,paperback,read,,,,0,
14497,0060557818,9780060557812,0,,26/08/2019,paperback,read,,,,0,
14498,1401210074,9781401210076,0,,26/08/2019,paperback,read,,,,0,
359,0345455290,9780345455291,0,,26/08/2019,paperback,read,,,,0,
357,0671742515,9780671742515,0,,26/08/2019,paperback,read,,,,0,
569429,0345379330,9780345379337,0,,26/08/2019,paperback,read,,,,0,
365,,,0,,26/08/2019,paperback,read,,,,0,
6091075,,,0,,26/08/2019,paperback,read,,,,0,
8694,0345418905,9780345418906,0,,26/08/2019,paperback,read,,,,0,
8695,,,0,,26/08/2019,paperback,read,,,,0,
386162,,,0,,26/08/2019,paperback,read,,,,0,
11566,0451933028,9780451933027,0,,26/08/2019,paperback,read,,,,0,
9364112,1926428226,9781926428222,0,,26/08/2019,hardcover,read,,,,0,
1036706,0600205215,9780600205210,0,,26/08/2019,paperback,read,,,,0,
473623,0749732105,9780749732103,0,,26/08/2019,paperback,read,,,,0,
74998,074974801X,9780749748012,0,,26/08/2019,paperback,read,,,,0,
17491,0749748001,9780749748005,0,,26/08/2019,paperback,read,,,,0,
11313,0689840330,9780689840333,0,,26/08/2019,paperback,read,,,,0,
222576,1416949674,9781416949671,0,,26/08/2019,paperback,read,,,,0,
24963,0689840349,9780689840340,0,,26/08/2019,paperback,read,,,,0,
210329,1416949658,9781416949657,0,,26/08/2019,paperback,read,,,,0,
11312,068987121X,9780689871214,0,,26/08/2019,paperback,read,,,,0,
39309734,1473647649,9781473647640,4,25/08/2019,15/06/2019,paperback,read,,,,1,
42643896,1405940360,9781405940368,5,12/08/2019,27/07/2019,paperback,read,,,,1,
43603472,1787476200,9781787476202,5,27/07/2019,27/07/2019,paperback,read,,,,1,
61666,2266079999,9782266079990,4,13/07/2019,20/06/2019,ebook,read,,,,1,
18006972,,,4,20/06/2019,19/08/2014,ebook,read,,,,1,
30965619,147362147X,9781473621473,4,15/06/2019,15/06/2019,paperback,read,,,,1,
25786523,1473619807,9781473619807,4,25/05/2019,25/05/2019,paperback,read,,,,1,
32560587,,,4,11/05/2019,26/04/2019,,read,,,,1,
35239798,1760630497,9781760630492,5,30/04/2019,24/04/2019,paperback,read,,,,1,
34864998,,,0,25/04/2019,18/04/2019,,read,,,,1,
42781019,1302914952,9781302914950,3,20/04/2019,20/04/2019,"graphic-novels, paperback",read,,,,1,
23362679,,,4,15/04/2019,12/03/2016,ebook,read,,,,1,
38337005,1473223679,9781473223677,4,5/04/2019,15/03/2019,paperback,read,,,,1,
13248445,1467974617,9781467974615,4,31/03/2019,31/03/2019,"borrowed, ebook",read,,,,1,
30079433,1785040200,9781785040207,4,17/03/2019,10/02/2019,paperback,read,,,,1,
12148444,1461174716,9781461174714,0,,15/03/2019,borrowed,read,,,,1,
22611099,,9781311673558,5,7/03/2019,6/03/2019,ebook,read,"There’s a lot to love about this book.<br/>I thoroughly enjoyed the characters, the weaving of the plot, and the world creation that’s gone to making the Seven Lands a complete and complex world to inhabit for a while.<br/><br/>I’d love a map of the world, and I hope that this will be included in future books in the series.&#x1f600;<br/><br/>I do like the play on the evil and good twins which has been included:<br/>“Does that make me evil and <twin 2> good, <travel companion>?”<br/>“No <twin 1>. What each of you do with the situations you find yourselves in will decide whether you are good or evil.”<br/><br/>I also love the thoughts of one of the characters when it comes to a hearty breakfast:<br/>“but some days a grown man just needed bacon, fatty sausages, eggs, fried potatoes and thick slabs of toasted bread topped with even thicker slabs of butter. Today was one of those days.”<br/>Today is often one of those bacon days for me, and any author who is willing to back me on that is one I’m happy to support! (I wonder if it was her husband who planted that thought??)",TRUE,,1,
43131073,,,4,9/02/2019,9/02/2019,"graphic-novels, paperback",read,,,,1,
42671213,,,4,9/02/2019,9/02/2019,"graphic-novels, paperback",read,,,,1,
42382053,,,4,9/02/2019,9/02/2019,"graphic-novels, paperback",read,,,,1,
40520964,,,4,9/02/2019,9/02/2019,"graphic-novels, paperback",read,,,,1,
43612185,1302912534,9781302912536,5,9/02/2019,9/02/2019,"graphic-novels, paperback",read,,,,1,
43440460,,,4,9/02/2019,9/02/2019,"graphic-novels, paperback",read,,,,1,
43518739,,,4,9/02/2019,9/02/2019,"graphic-novels, paperback",read,,,,1,
43587824,,,4,8/02/2019,8/02/2019,"graphic-novels, paperback",read,,,,1,
43735681,,,0,8/02/2019,2/02/2019,,read,,,,1,
35450250,,,5,2/02/2019,16/05/2018,to-get,read,,,,1,
29775981,0241257530,9780241257531,4,2/02/2019,20/01/2019,paperback,read,,,,1,
31111313,130290499X,9781302904999,5,18/01/2019,18/01/2019,"graphic-novels, paperback",read,,,,1,
42283967,,,4,18/01/2019,18/01/2019,"graphic-novels, paperback",read,,,,1,
41028078,,,4,18/01/2019,18/01/2019,"graphic-novels, paperback",read,,,,1,
42972091,,,4,18/01/2019,18/01/2019,"graphic-novels, paperback",read,,,,1,
31127058,,,0,18/01/2019,17/01/2017,ebook,read,,,,1,
30192397,,,0,12/01/2019,24/05/2016,ebook,read,,,,1,
31867499,,,0,7/01/2019,26/12/2016,ebook,read,,,,1,
26047871,,,0,1/01/2019,9/07/2016,ebook,read,,,,1,
24873663,1942274041,9781942274049,4,29/12/2018,25/12/2018,ebook,read,,,,1,
20898019,078519021X,9780785190219,4,26/12/2018,26/12/2018,"graphic-novels, paperback",read,,,,1,
23569242,,,4,24/12/2018,12/03/2016,ebook,read,,,,1,
34804615,,,0,19/12/2018,13/12/2018,,read,,,,1,
37708054,,,4,,13/12/2018,,read,,,,1,
42187469,,,0,13/12/2018,10/12/2018,,read,,,,1,
34397432,,,0,10/12/2018,8/12/2018,,read,,,,1,
29558243,,,0,8/12/2018,6/12/2018,,read,,,,1,
27810734,,,0,6/12/2018,5/12/2018,,read,,,,1,
23826137,,,4,5/12/2018,3/12/2018,,read,"I have no words.<br/>The dedication made me wonder who was in the firing line.<br/>The first one? Fine, I coped.<br/>The second? Nearly broke my heart.<br/>But the third????  I hate Annie Bellet a little bit right now, a bit like I hated Joss Whedon a few times.<br/>You know a book is good when the heartbreak is real.",TRUE,,1,
23303229,,,0,3/12/2018,2/12/2018,ebook,read,,,,1,
25731954,,,0,2/12/2018,24/05/2016,ebook,read,,,,1,
20898015,0785189319,9780785189312,4,1/12/2018,24/11/2017,"graphic-novels, paperback",read,,,,1,
23012190,,,0,30/11/2018,17/01/2017,ebook,read,,,,1,
22926105,,,4,26/11/2018,21/11/2014,ebook,read,,,,1,
30238037,,,3,26/11/2018,24/05/2016,ebook,read,"This reads more as three novellas in one rather than three books.<br/>The plots are simple, characters seem to be under development, as is the world to some degree. (Yes, it’s set in the US, but the rules of the magical side of the world are definitely still under construction.)<br/>There are also some typos in the edition I read.<br/>Not a bad read, but definitely predictable, short, and not as engaging as I had hoped it would be.<br/>Or that’s my interpretation today anyway.",,,1,
25047385,,,0,21/11/2018,2/11/2018,,read,,,,1,
25770776,,,0,21/11/2018,11/11/2018,,read,,,,1,
24003795,,,0,2/11/2018,27/10/2018,,read,,,,1,
36339994,,,4,27/10/2018,25/10/2018,,read,,,,1,
31310941,,,4,25/10/2018,17/10/2018,,read,,,,1,
34451671,,,0,25/10/2018,21/10/2018,,read,,,,1,
32996400,,,4,18/10/2018,26/12/2016,ebook,read,,,,1,
34209026,,,4,17/10/2018,15/10/2018,,read,,,,1,
40797152,,,4,13/10/2018,11/10/2018,,read,,,,1,
19275608,045141960X,9780451419606,4,12/10/2018,1/10/2018,ebook,read,,,,1,
16144868,0451419596,9780451419590,4,1/10/2018,28/09/2018,ebook,read,,,,1,
15749143,0451237137,9780451237132,4,28/09/2018,28/09/2018,,read,,,,1,
40032834,,,4,28/09/2018,12/09/2018,,read,,,,1,
36343909,,,4,11/09/2018,11/09/2018,ebook,read,,,,1,
40213050,,,4,11/09/2018,11/09/2018,ebook,read,,,,1,
37119495,,,4,6/09/2018,30/08/2018,ebook,read,,,,1,
35846947,,,0,30/08/2018,26/08/2018,ebook,read,,,,1,
34739411,,,4,26/08/2018,24/08/2018,ebook,read,,,,1,
33242759,,,4,24/08/2018,12/08/2018,,read,,,,1,
13478341,1101590211,9781101590218,4,16/08/2018,6/08/2018,ebook,read,,,,1,
22070712,,,0,12/08/2018,12/08/2018,,read,,,,1,
12363978,0451237110,9780451237118,4,6/08/2018,26/07/2018,ebook,read,,,,1,
10399862,0440245737,9780440245735,5,26/07/2018,22/07/2018,ebook,read,,,,1,
9380186,0749954914,9780749954918,5,22/07/2018,14/01/2017,paperback,read,,,,1,
10853886,1416577599,9781416577591,5,21/07/2018,15/07/2018,ebook,read,,,,1,
898404,0330442325,9780330442329,5,15/07/2018,14/07/2018,ebook,read,,,,1,
144789,0312937660,9780312937669,4,14/07/2018,12/07/2018,ebook,read,,,,1,
10851275,,,5,12/07/2018,8/07/2018,ebook,read,,,,1,
144793,0312983220,9780312983222,4,8/07/2018,6/07/2018,borrowed,read,,,,1,
30247358,,,3,4/07/2018,17/01/2017,ebook,read,,,,1,
13502958,0007264798,9780007264797,4,30/06/2018,11/06/2018,borrowed,read,,,,1,
11827476,006146841X,9780061468414,4,11/06/2018,28/05/2018,borrowed,read,,,,1,
8664327,0061468398,9780061468391,4,28/05/2018,18/05/2018,borrowed,read,,,,1,
6697866,0061468371,9780061468377,3,18/05/2018,12/05/2018,borrowed,read,,,,1,
4003436,0061468363,9780061468360,3,12/05/2018,12/05/2018,borrowed,read,,,,1,
1196299,0060792981,9780060792985,0,13/05/2018,22/04/2018,borrowed,read,,,,1,
13814,0060792809,9780060792800,3,22/04/2018,3/04/2018,borrowed,read,,,,1,
13807,0060792787,9780060792787,3,3/04/2018,26/03/2018,borrowed,read,,,,1,
13809,0380803275,9780380803279,3,26/03/2018,16/03/2018,borrowed,read,,,,1,
153175,0380803267,9780380803262,4,16/03/2018,11/03/2018,borrowed,read,,,,1,
13811,0380803240,9780380803248,4,11/03/2018,10/03/2018,borrowed,read,,,,1,
13816,0006483909,9780006483908,4,7/03/2018,26/02/2018,borrowed,read,,,,1,
13819,0006483895,9780006483892,3,26/02/2018,17/02/2018,borrowed,read,,,,1,
13808,0060792833,9780060792831,4,17/02/2018,11/02/2018,borrowed,read,,,,1,
17212339,0007511280,9780007511280,4,11/02/2018,10/02/2018,borrowed,read,,,,1,
177191,0380795280,9780380795284,4,9/02/2018,3/02/2018,borrowed,read,,,,1,
13818,0380803232,9780380803231,4,3/02/2018,2/02/2018,borrowed,read,,,,1,
92918,0380795272,9780380795277,4,2/02/2018,28/01/2018,borrowed,read,,,,1,
13817,0380789833,9780380789832,4,28/01/2018,20/01/2018,borrowed,read,,,,1,
169959,0553563734,9780553563733,5,1/01/2018,31/12/2017,borrowed,read,,,,1,
13881,0380974738,9780380974733,4,20/01/2018,8/01/2018,borrowed,read,,,,1,
43917,0006497012,9780006497011,5,6/01/2018,5/01/2018,borrowed,read,,,,1,
43908,0380720868,9780380720866,5,5/01/2018,2/01/2018,borrowed,read,,,,1,
1017105,0007176163,9780007176168,5,31/12/2017,29/12/2017,borrowed,read,,,,1,
23965456,,,1,22/01/2017,12/03/2016,ebook,read,"While there are some good ideas hidden within this book, some are let down by a lack of relevant details, e.g. Talking pressure points on the leg without specifying where around the leg she is talking about. Others are so well known that their inclusion is curious.<br/>Numerous typo and grammatical errors remain, speaking to a lack of editing and/or proof reading.",,,1,
18396143,0356500950,9780356500959,4,29/12/2017,5/12/2016,paperback,read,,,,1,
8058301,045146379X,9780451463791,5,9/12/2017,14/11/2017,"borrowed, ebook",read,,,,1,
29507117,0785196587,9780785196587,5,24/11/2017,24/11/2017,"graphic-novels, paperback",read,,,,1,
27163019,0785196579,9780785196570,5,24/11/2017,24/11/2017,"graphic-novels, paperback",read,,,,1,
34975021,1534301860,9781534301863,4,24/11/2017,24/11/2017,"graphic-novels, paperback",read,,,,1,
7973328,1841497142,9781841497143,5,14/11/2017,5/12/2016,paperback,read,,,,1,
10795674,0356500373,9780356500379,4,3/11/2017,5/12/2016,"paperback, ebook",read,,,,1,
927979,0451461894,9780451461896,0,,14/10/2017,ebook,read,,,,1,
91475,0451461401,9780451461407,0,9/10/2017,4/05/2017,ebook,read,,,,1,
10409623,0356500349,9780356500348,4,28/09/2017,5/12/2016,paperback,read,,,,2,
10008842,,,0,7/09/2014,19/08/2014,ebook,read,,,,1,
30321613,,,2,6/09/2017,6/09/2017,,read,,,,1,
19026700,,,3,3/09/2017,16/07/2017,ebook,read,,,,1,
34725860,,,4,24/08/2017,12/08/2017,ebook,read,,,,1,
30304560,,,4,12/08/2017,16/07/2017,ebook,read,,,,1,
33542748,,,4,16/08/2017,12/08/2017,ebook,read,,,,1,
18781910,,,3,31/07/2017,26/12/2014,ebook,read,,,,1,
25648934,,,3,13/05/2017,13/05/2017,"borrowed, ebook",read,,,,1,
12742903,,,4,9/06/2017,16/07/2017,ebook,read,,,,1,
17209543,,,4,16/07/2017,16/07/2017,ebook,read,,,,1,
15780961,,,0,12/07/2017,16/07/2017,ebook,read,,,,1,
13612018,,,4,2/07/2017,16/07/2017,ebook,read,,,,1,
29467817,1302902156,9781302902155,4,10/04/2017,10/04/2017,"graphic-novels, paperback",read,,,,1,
29246522,1784298476,9781784298470,5,28/05/2017,28/05/2017,paperback,read,,,,1,
23993619,,9781782115533,0,20/01/2015,30/12/2015,hardcover,read,,,,1,
16002136,0785165622,9780785165620,4,14/04/2017,14/04/2017,"graphic-novels, paperback",read,,,,1,
23017989,0785193103,9780785193104,4,10/04/2017,10/04/2017,"graphic-novels, paperback",read,,,,1,
10409606,0356500330,9780356500331,4,13/04/2017,24/11/2016,paperback,read,,,,1,
10318435,0356500322,9780356500324,4,31/03/2017,24/11/2016,paperback,read,,,,1,
32601083,1760290769,9781760290764,5,28/03/2017,28/03/2017,paperback,read,"It's not often a book has me laughing out loud.<br/>This one did.<br/>Not for the comedy lines DAAS use on stage, but the turn of phrase Livo uses in his depictions of live behind the stage. The stage where I have seen DAAS in both incarnations. Some performances being mentioned specifically within this mighty tome.<br/>May the DAAS army roll on for years to come.<br/>If you want the truth of DAAS, there is nowhere to look. This may be as close as you come.<br/>Tick. Fucking. Tock.",,,1,
25066752,0785192530,9780785192534,5,11/03/2017,3/06/2016,graphic-novels,read,,,,1,
22812127,0785188207,9780785188209,4,8/03/2017,3/06/2016,graphic-novels,read,,,,1,
19539419,0785188193,9780785188193,5,6/03/2017,3/06/2016,"graphic-novels, paperback",read,,,,1,
28963359,0785199756,9780785199755,4,5/03/2017,5/03/2017,"graphic-novels, paperback",read,,,,1,
17903940,,,4,17/02/2017,17/01/2017,ebook,read,,,,1,
18774652,,,4,12/02/2017,12/03/2016,ebook,read,,,,1,
18467725,,,4,12/02/2017,17/01/2017,ebook,read,,,,2,
18911646,,,3,10/02/2017,17/01/2017,ebook,read,,,,1,
13203178,,,0,12/01/2017,11/02/2015,ebook,read,,,,1,
6619930,0441018513,9780441018512,0,,14/01/2017,paperback,read,,,,1,
2071683,0441015816,9780441015818,0,,14/01/2017,paperback,read,,,,1,
685386,0441010512,9780441010516,0,,14/01/2017,paperback,read,,,,1,
685385,0441009239,9780441009237,0,,14/01/2017,paperback,read,,,,1,
4602032,0441016995,9780441016990,0,,14/01/2017,paperback,read,,,,1,
1316617,0758216424,9780758216427,0,,14/01/2017,paperback,read,,,,1,
6695785,0385618026,9780385618021,0,,14/01/2017,paperback,read,,,,1,
587439,1416502963,9781416502968,0,,14/01/2017,paperback,read,,,,1,
6791159,184149805X,9781841498058,0,,14/01/2017,hardcover,read,,,,1,
187880,0099470462,9780099470465,0,,14/01/2017,paperback,read,,,,1,
11265544,,,0,2/07/2015,22/06/2015,"ebook, paperback",read,,,,1,
10671189,,,4,,3/01/2014,paperback,read,,,,1,
3128413,0553819127,9780553819120,4,,19/08/2014,paperback,read,,,,1,
2619996,0345495063,9780345495068,0,,14/01/2017,paperback,read,,,,1,
884583,0886773288,9780886773281,0,,14/01/2017,paperback,read,,,,1,
7832325,0451231678,9780451231673,0,,14/01/2017,paperback,read,,,,1,
9633188,0451233778,9780451233776,0,,14/01/2017,paperback,read,,,,1,
92141,0061350966,9780061350962,0,,14/01/2017,paperback,read,,,,1,
18373311,1401246036,9781401246037,0,19/08/2014,19/08/2014,"paperback, graphic-novels",read,,,,1,
17671957,1401242995,9781401242992,0,22/08/2014,22/08/2014,"paperback, graphic-novels",read,,,,1,
515619,0552148407,9780552148405,0,,17/12/2015,paperback,read,,,,1,
833426,0552142379,9780552142373,0,,17/12/2015,paperback,read,,,,1,
833430,0552138916,9780552138918,0,,17/12/2015,paperback,read,,,,1,
828352,0552131067,9780552131063,0,,17/12/2015,paperback,read,,,,1,
233679,0552134627,9780552134620,0,,17/12/2015,paperback,read,,,,1,
31867973,,,4,27/12/2016,26/12/2016,ebook,read,,,,1,
23743263,,,0,,26/12/2016,"currently-reading, ebook",currently-reading,,,,1,
29816822,,,4,24/12/2016,6/06/2016,ebook,read,,,,1,
10409597,0356500314,9780356500317,4,11/12/2016,24/11/2016,paperback,read,,,,1,
10409571,0356500306,9780356500300,4,3/12/2016,24/11/2016,paperback,read,,,,1,
8723550,0356500292,9780356500294,4,25/11/2016,23/10/2016,paperback,read,,,,1,
833428,0552148997,9780552148993,0,,17/12/2015,paperback,read,Not on main shelves,,,1,
1974134,0552154903,9780552154901,0,,17/12/2015,paperback,read,Not on main shelves,,,1,
10057167,0356500284,9780356500287,4,23/10/2016,13/10/2016,paperback,read,,,,1,
8244656,,,0,11/08/2015,19/08/2014,ebook,read,,,,1,
9251500,0356500276,9780356500270,5,13/10/2016,27/08/2016,paperback,read,,,,1,
27245154,1472201736,9781472201737,0,7/10/2016,7/10/2016,paperback,read,,,,1,
21411255,1472201779,9781472201775,4,29/09/2016,22/09/2016,paperback,read,,,,1,
17452567,,,4,15/09/2016,23/12/2015,ebook,read,,,,1,
19300686,,,5,12/09/2016,12/03/2016,ebook,read,"A highly amusing read.<br/>At times, it put me in mind of Good Omens, by Terry Pratchett and Neil Gaiman.",,,1,
31126465,0008181799,9780008181796,3,8/09/2016,19/08/2016,paperback,read,,,,1,
29056083,0751565350,9780751565355,4,20/08/2016,19/08/2016,hardcover,read,,,,1,
317504,0553561189,9780553561180,4,18/08/2016,14/08/2016,paperback,read,,,,1,
13815,0586203818,9780586203811,4,8/08/2016,28/07/2016,paperback,read,,,,1,
589979,055327211X,9780553272116,4,28/07/2016,24/07/2016,paperback,read,,,,1,
27796717,,9781927850305,4,22/07/2016,6/06/2016,ebook,read,,,,1,
29491606,,,4,19/07/2016,6/06/2016,ebook,read,,,,1,
18298597,,,4,14/07/2016,19/08/2014,ebook,read,,,,1,
12201357,,,4,14/07/2016,19/08/2014,ebook,read,,,,1,
29579309,,,3,13/07/2016,9/07/2016,ebook,read,,,,1,
13813,0586066888,9780586066881,5,5/07/2016,21/06/2016,paperback,read,,,,1,
10285519,1408466651,9781408466650,0,23/06/2016,23/06/2016,audio-book,read,,,,1,
20176586,1616554215,9781616554217,4,21/04/2015,26/12/2014,"graphic-novels, hardcover",read,,,,1,
149302,0586064176,9780586064177,0,20/06/2016,12/06/2016,"paperback, ebook",read,,,,1,
29587763,0730327418,9780730327417,4,19/06/2016,19/06/2016,paperback,read,"Having heard the positive thinking mantra many times, something that claims to be better piqued my interest at an airport recently.<br/><br/>Changing a belief system, now that's a different concept.<br/><br/>There's nothing spiritual or religious about this belief system, but it's definitely one you can work into any life.<br/><br/>Definitely a book for cogitation and sitting with for a bit, at least for me.<br/><br/>Looking to find motivation for something in your life? This may well be the book for you.",,,1,
300985,0586058281,9780586058282,4,12/06/2016,30/05/2016,paperback,read,,,,1,
24952901,0007557280,9780007557288,0,1/10/2015,27/09/2015,hardcover,read,,,,1,
27830658,,,4,30/05/2016,24/05/2016,ebook,read,,,,1,
26053996,,,4,27/05/2016,24/05/2016,ebook,read,,,,1,
25687768,,,4,24/05/2016,24/05/2016,ebook,read,,,,1,
24969093,,,4,17/05/2016,12/03/2016,ebook,read,,,,1,
25737116,,,4,15/05/2016,8/05/2016,ebook,read,,,,1,2/05/2016
23208937,,,4,7/05/2016,12/03/2016,ebook,read,,,,1,
25014487,,,4,2/05/2016,12/03/2016,ebook,read,,,,1,
24629568,,,4,30/04/2016,26/04/2016,ebook,read,,,,1,26/04/2016
25305064,,,3,26/04/2016,26/04/2016,ebook,read,,,,1,26/04/2016
26546695,,,3,25/04/2016,12/03/2016,ebook,read,,,,1,
13088716,159582863X,9781595828637,0,,6/09/2014,"paperback, graphic-novels",read,,,,1,
16398552,1616550996,9781616550998,0,12/03/2015,6/11/2014,"paperback, graphic-novels",read,,,,1,
13576260,1595829229,9781595829221,0,26/12/2014,6/11/2014,"paperback, graphic-novels",read,,,,1,
18685128,1616552549,9781616552541,0,7/04/2015,26/12/2014,"paperback, graphic-novels",read,,,,1,
15747210,1595829903,9781595829900,0,2/01/2015,6/11/2014,"paperback, graphic-novels",read,,,,1,
21870088,1616555033,9781616555030,4,31/12/2015,26/12/2014,"paperback, graphic-novels",read,,,,1,
21532236,1616554894,9781616554897,4,26/12/2014,26/12/2014,"paperback, graphic-novels",read,,,,1,
23494321,1408861984,9781408861981,0,1/01/2015,1/01/2015,"hardcover, graphic-novels",read,,,,1,
17929619,1616551666,9781616551667,0,6/04/2015,26/12/2014,"paperback, graphic-novels",read,,,,1,
21544277,1616554908,9781616554903,4,31/12/2015,26/12/2014,"paperback, graphic-novels",read,,,,1,
179688,1569714452,9781569714454,0,20/08/2015,18/08/2015,"paperback, graphic-novels",read,,,,1,
195806,1569717516,9781569717516,0,,17/12/2015,"paperback, graphic-novels",read,,,,1,
22822935,1616556005,9781616556006,4,31/12/2015,30/12/2015,"paperback, graphic-novels",read,,,,1,
17604979,1616551453,9781616551452,0,25/07/2014,25/07/2014,"paperback, graphic-novels",read,,,,1,
16398965,1616551097,9781616551094,0,21/01/2015,25/07/2014,"paperback, graphic-novels",read,,,,1,
12994907,1595829148,9781595829146,0,3/11/2015,25/07/2014,"paperback, graphic-novels",read,,,,1,
8596384,1595825614,9781595825612,0,3/11/2015,25/07/2014,"paperback, graphic-novels",read,,,,1,
8978554,1595825770,9781595825773,4,18/01/2015,25/07/2014,"paperback, graphic-novels",read,,,,1,
18877544,,9781621150176,0,,15/07/2014,"paperback, graphic-novels",read,,,,1,
199915,1569717494,9781569717493,0,19/08/2014,15/07/2014,"paperback, graphic-novels",read,,,,1,
5986331,1595823107,9781595823106,0,,15/07/2014,"paperback, graphic-novels",read,,,,1,
9792887,1595826106,9781595826107,0,,15/07/2014,"paperback, graphic-novels",read,,,,1,
18491564,1616552530,9781616552534,0,8/04/2015,15/07/2014,"paperback, graphic-novels",read,,,,1,
13457078,1595828877,9781595828873,4,27/12/2014,15/07/2014,"paperback, graphic-novels",read,,,,1,
15714509,1595829601,9781595829603,0,12/03/2015,15/07/2014,"paperback, graphic-novels",read,,,,1,
16125774,1616550791,9781616550790,0,13/03/2015,15/07/2014,"paperback, graphic-novels",read,,,,1,
17794133,1616551658,9781616551650,0,7/04/2015,15/07/2014,"paperback, graphic-novels",read,,,,1,
8500922,1595825584,9781595825582,0,,15/07/2014,"paperback, graphic-novels",read,,,,1,
2567987,159307963X,9781593079635,0,,15/07/2014,"paperback, graphic-novels",read,,,,1,
3197145,1595821651,9781595821652,0,,15/07/2014,"paperback, graphic-novels",read,,,,1,
6353855,1595823425,9781595823427,0,,15/07/2014,"paperback, graphic-novels",read,,,,1,
7112241,1595824154,9781595824158,0,,15/07/2014,"paperback, graphic-novels",read,,,,1,
26236379,,,4,23/03/2016,12/03/2016,ebook,read,,,,1,
24999714,,,4,1/03/2016,18/01/2016,ebook,read,,,,1,
26181442,1511733101,9781511733106,0,26/12/2015,6/12/2015,ebook,read,,,,1,
20613470,1619630656,9781619630659,4,18/01/2016,31/12/2015,ebook,read,,,,1,
23993654,1782115528,9781782115526,0,20/01/2015,30/12/2015,hardcover,read,,,,1,
23307980,,,0,20/01/2015,30/12/2015,hardcover,read,,,,1,
20699775,,,3,30/12/2015,21/11/2014,,read,,,,1,
13565676,,,0,29/12/2015,30/12/2015,ebook,read,,,,1,
13546173,,,0,29/12/2015,30/12/2015,ebook,read,,,,1,
13419891,,,0,28/12/2015,30/12/2015,ebook,read,,,,1,
18333581,,,0,28/12/2015,30/12/2015,ebook,read,,,,1,
13415554,,,0,27/12/2015,30/12/2015,ebook,read,,,,1,
17670709,1408834944,9781408834947,3,27/12/2015,3/01/2014,paperback,read,,,,1,
27108707,,,3,26/12/2015,6/12/2015,ebook,read,,,,1,
15713880,,,4,24/12/2015,19/08/2014,paperback,read,,,,1,
3054684,0061284408,9780061284403,0,,18/12/2015,paperback,read,,,,1,
2722413,0061284394,9780061284397,0,,18/12/2015,paperback,read,,,,1,
8110348,0312595123,9780312595128,0,,18/12/2015,paperback,read,,,,1,
8652190,0312650248,9780312650247,0,,18/12/2015,hardcover,read,,,,1,
6917952,1905654944,9781905654949,0,,18/12/2015,hardcover,read,,,,1,
6262365,1905654588,9781905654581,0,,18/12/2015,hardcover,read,,,,1,
4134071,031237982X,9780312379827,0,,18/12/2015,hardcover,read,,,,1,
2866718,0312379838,9780312379834,0,,18/12/2015,hardcover,read,,,,1,
1326258,0312360304,9780312360306,0,,18/12/2015,hardcover,read,,,,1,
676924,0312360282,9780312360283,0,,18/12/2015,hardcover,read,,,,1,
30183,0312360266,9780312360269,0,,18/12/2015,hardcover,read,,,,1,
6544975,0007274459,9780007274451,0,,18/12/2015,paperback,read,,,,1,
5152561,006121471X,9780061214714,0,,18/12/2015,paperback,read,,,,1,
2321296,006121468X,9780061214684,0,,18/12/2015,paperback,read,,,,1,
305234,0061214655,9780061214653,0,,18/12/2015,paperback,read,,,,1,
6368610,0061659223,9780061659225,0,,18/12/2015,paperback,read,,,,1,
7170750,1741168333,9781741168334,0,,18/12/2015,paperback,read,,,,1,
17875517,1848452403,9781848452404,0,,18/12/2015,paperback,read,,,,1,
12517748,8490001022,9788490001028,0,,18/12/2015,paperback,read,,,,1,
7970273,0778303918,9780778303916,0,,18/12/2015,paperback,read,,,,1,
6351939,0778325806,9780778325802,0,,18/12/2015,paperback,read,,,,1,
6080889,0778325644,9780778325642,0,,18/12/2015,paperback,read,,,,1,
6487308,0385738935,9780385738934,0,,18/12/2015,paperback,read,,,,1,
6076369,0749908947,9780749908942,0,,19/08/2014,paperback,read,,,,1,
4969823,0749908963,9780749908966,0,,19/08/2014,paperback,read,,,,1,
6076368,0749908971,9780749908793,0,,19/08/2014,paperback,read,,,,1,
7141610,184149917X,9781841499178,0,,18/12/2015,paperback,read,,,,1,
202039,0886777712,9780886777715,0,,17/12/2015,paperback,read,,,,1,
106609,0099536013,9780099536017,0,,17/12/2015,paperback,read,,,,1,
185261,0451460790,9780451460790,0,,17/12/2015,paperback,read,,,,1,
185259,0451461029,9780451461025,0,,17/12/2015,paperback,read,,,,1,
185260,0451461282,9780451461285,0,,17/12/2015,paperback,read,,,,1,
10750,0060745908,9780060745905,0,,17/12/2015,paperback,read,,,,1,
614558,0345480309,9780345480309,0,,17/12/2015,paperback,read,,,,1,
6134826,0312532768,9780312532765,0,,17/12/2015,paperback,read,,,,1,
3975774,031253275X,9780312532758,0,,17/12/2015,paperback,read,,,,1,
15559,0345435753,9780345435750,0,,17/12/2015,paperback,read,,,,1,
92846,0345397673,9780345397676,0,,17/12/2015,paperback,read,,,,1,
15560,0345396553,9780345396556,0,,17/12/2015,paperback,read,,,,1,
1559902,0345356950,9780345356956,0,,17/12/2015,paperback,read,,,,1,
34914,0708853285,9780708853283,0,,17/12/2015,paperback,read,,,,1,
1444166,0099255413,9780099255413,0,,17/12/2015,paperback,read,,,,1,
1444165,0099201313,9780099201311,0,,17/12/2015,paperback,read,,,,1,
15564,1841491543,9781841491547,0,,17/12/2015,paperback,read,,,,1,
34942,185723586X,9781857235869,0,,17/12/2015,paperback,read,,,,1,
15561,1857231031,9781857231038,0,,17/12/2015,paperback,read,,,,1,
92845,1857231082,9781857231083,0,,17/12/2015,paperback,read,,,,1,
15547,1857232569,9781857232561,0,,17/12/2015,paperback,read,,,,1,
15567,1857231325,9781857231328,0,,17/12/2015,paperback,read,,,,1,
1698637,0708880959,9780708880951,0,,17/12/2015,paperback,read,,,,1,
15575,1857231511,9781857231519,0,,17/12/2015,paperback,read,,,,1,
181010,0552133264,9780552133265,0,,17/12/2015,paperback,read,,,,1,
34498,0413771164,9780413771162,0,,17/12/2015,paperback,read,,,,1,
797191,0552146161,9780552146166,0,,17/12/2015,paperback,read,,,,1,
149839,0552146153,9780552146159,0,,17/12/2015,paperback,read,,,,1,
833429,0552146145,9780552146142,0,,17/12/2015,paperback,read,,,,1,
833436,,,0,,17/12/2015,paperback,read,,,,1,
386368,,,0,,17/12/2015,paperback,read,,,,1,
833425,0552140287,9780552140287,0,,17/12/2015,paperback,read,,,,1,
386374,,,0,,17/12/2015,paperback,read,,,,1,
833427,0552134651,9780552134651,0,,17/12/2015,paperback,read,,,,1,
618221,0552134635,9780552134637,0,,17/12/2015,paperback,read,,,,1,
386373,0552134619,9780552134613,0,,17/12/2015,paperback,read,,,,1,
618207,,,0,,17/12/2015,paperback,read,,,,1,
833422,0552131059,9780552131056,0,,17/12/2015,paperback,read,,,,1,
601239,0552128481,9780552128483,0,,17/12/2015,paperback,read,,,,1,
601238,0552124753,9780552124751,0,,17/12/2015,paperback,read,,,,1,
386282,,,0,,17/12/2015,paperback,read,,,,1,
47905,0140295798,9780140295795,3,5/12/2015,27/11/2015,paperback,read,,,,1,
11060160,,,4,,19/08/2014,paperback,read,,,,1,
23166769,,9781782113119,4,21/11/2014,21/11/2014,hardcover,read,,,,1,
3950967,0747599874,9780747599876,4,,19/08/2014,hardcover,read,,,,1,
6479259,1595142509,9781595142504,3,11/06/2015,19/08/2014,paperback,read,,,,1,
2754510,1420100963,9781420100969,4,,19/08/2014,paperback,read,,,,1,
10591066,,,4,,19/08/2014,paperback,read,,,,1,
11402352,,,3,,19/08/2014,hardcover,read,,,,1,
7602227,0575096462,9780575096462,3,,19/08/2014,hardcover,read,,,,1,
18134171,,,0,13/10/2013,19/08/2014,ebook,read,,,,1,
1785215,1564777847,9781564777843,0,,3/01/2014,hardcover,read,,,,1,
19094147,,,0,23/03/2015,19/08/2014,ebook,read,,,,1,
9640024,0451464133,9780451464132,0,,24/08/2012,paperback,read,,,,1,
18891400,,,0,14/04/2015,3/11/2015,ebook,read,,,,1,
20623350,,,0,5/09/2015,21/08/2015,ebook,read,,,,1,
24894078,,9781927850206,0,4/10/2015,2/10/2015,ebook,read,,,,1,
22028134,,9781927850114,0,2/10/2015,2/10/2015,ebook,read,,,,1,
18411969,,,0,14/04/2015,3/11/2015,ebook,read,,,,1,
23481733,,,0,8/10/2015,7/10/2015,ebook,read,,,,1,
25796232,,9781927850251,0,7/10/2015,2/10/2015,ebook,read,,,,1,
17972522,,,0,21/08/2015,21/08/2015,ebook,read,,,,1,
22694455,,,2,2/11/2015,1/11/2015,ebook,read,,,,1,
23380296,,,3,15/04/2015,16/04/2015,ebook,read,,,,1,
24037969,,,0,23/04/2015,21/05/2015,ebook,read,,,,1,
20616283,,,3,15/04/2015,16/04/2015,ebook,read,,,,1,
22388490,,,3,16/04/2015,16/04/2015,ebook,read,,,,1,
23448457,,,3,17/04/2015,16/04/2015,ebook,read,,,,1,
23486206,,,3,17/04/2015,16/04/2015,ebook,read,,,,1,
25109144,,,0,19/08/2015,12/04/2015,ebook,read,,,,1,
23400570,,,3,24/04/2015,12/04/2015,ebook,read,,,,1,
18712469,,,0,9/08/2015,12/04/2015,ebook,read,,,,1,
16061422,,,3,14/11/2015,12/04/2015,ebook,read,,,,1,
22011085,,,0,20/08/2015,2/03/2015,ebook,read,,,,1,
10779852,,,3,10/04/2015,2/03/2015,ebook,read,,,,1,
22717194,,,2,27/04/2015,2/03/2015,ebook,read,,,,1,
22729681,,,4,8/04/2015,11/02/2015,ebook,read,,,,1,
11359575,,,2,6/04/2015,11/02/2015,ebook,read,,,,1,
17331698,,,2,13/11/2015,11/02/2015,ebook,read,,,,1,
16090278,,,3,15/11/2015,11/02/2015,ebook,read,,,,1,
18468981,,,2,17/04/2015,11/02/2015,ebook,read,,,,1,
23446924,,,4,17/02/2015,11/02/2015,ebook,read,,,,1,
24670783,,,5,10/02/2015,10/02/2015,ebook,read,,,,1,
23627879,,,4,15/01/2015,26/12/2014,ebook,read,"A wonderful sequel to the movie (which is a must see before reading the book!!)<br/><br/>The characters are true to the original series, and I see it as a wonderful way to extend the series for the addicts.",,,1,
19520843,,,0,11/12/2014,21/11/2014,ebook,read,,,,1,
22847232,,9780987860057,4,,19/08/2014,ebook,read,,,,1,
23304054,,,5,7/02/2015,21/11/2014,ebook,read,,,,1,
21045519,,,0,11/10/2015,21/11/2014,"paperback, ebook",read,,,,1,
22596552,,,0,26/12/2014,19/08/2014,ebook,read,,,,1,
12365189,,,0,27/07/2015,19/08/2014,ebook,read,,,,1,
9317501,,,1,,19/08/2014,ebook,read,,,,1,
9317500,,,1,,19/08/2014,ebook,read,,,,1,
9769010,,,1,,19/08/2014,ebook,read,,,,1,
11398113,,,0,,19/08/2014,ebook,read,,,,1,
11037796,,,3,,19/08/2014,ebook,read,,,,1,
13432890,,,3,,19/08/2014,ebook,read,,,,1,
12506191,,,4,,19/08/2014,ebook,read,,,,1,
9422540,,,4,,19/08/2014,ebook,read,,,,1,
19032357,,9780957195622,2,,19/08/2014,ebook,read,,,,1,
8159544,,,3,,19/08/2014,ebook,read,,,,1,
8136931,,,4,,19/08/2014,ebook,read,,,,1,
9317502,,,1,,19/08/2014,ebook,read,,,,1,
15749364,,9780957195646,2,,19/08/2014,ebook,read,,,,1,
22368672,,,4,,19/08/2014,ebook,read,,,,1,
17569028,,,0,,19/08/2014,ebook,read,,,,1,
18196260,,,0,,19/08/2014,ebook,read,,,,1,
16158978,,,0,,19/08/2014,ebook,read,,,,1,
17829214,,,0,,19/08/2014,ebook,read,,,,1,
13477977,,,0,,19/08/2014,ebook,read,,,,1,
19409366,,,4,,19/08/2014,ebook,read,,,,1,
13572628,,,4,,19/08/2014,ebook,read,,,,1,
19132828,,,0,6/09/2014,19/08/2014,ebook,read,,,,1,
19509199,,,0,1/11/2014,19/08/2014,ebook,read,,,,1,
19383302,,,0,1/11/2014,19/08/2014,ebook,read,,,,1,
17061801,,,0,1/08/2014,19/08/2014,ebook,read,,,,1,
18586586,,,0,,19/08/2014,ebook,read,,,,1,
11398114,,,0,28/10/2015,19/08/2014,ebook,read,,,,1,
19738287,,,0,23/10/2015,19/08/2014,ebook,read,,,,1,
20737927,,,0,12/12/2014,19/08/2014,ebook,read,,,,1,
11397923,,,0,13/10/2015,19/08/2014,ebook,read,,,,1,
18806548,,,0,1/11/2015,19/08/2014,ebook,read,,,,1,
18189614,,,0,13/04/2015,19/08/2014,ebook,read,,,,1,
19384534,,,0,13/12/2014,19/08/2014,ebook,read,,,,1,
22011012,,,0,14/12/2014,19/08/2014,ebook,read,,,,1,
19040974,,,0,,19/08/2014,ebook,read,,,,1,
18172465,0062104926,9780062104922,3,22/11/2015,22/11/2015,paperback,read,,,,1,
24374784,,,4,21/04/2015,2/03/2015,paperback,read,,,,1,
1809343,0140271511,9780140271515,4,30/11/2015,26/11/2015,paperback,read,,,,1,
1961316,0140134050,9780140134056,4,27/11/2015,26/11/2015,paperback,read,,,,1,
13488299,,9780140178548,4,26/11/2015,26/11/2015,paperback,read,,,,1,
23398746,0452298350,9780452298354,5,25/11/2015,25/11/2015,paperback,read,,,,1,
18004320,0062104950,9780062104953,4,24/11/2015,22/11/2015,paperback,read,,,,1,
136251,0545010225,9780545010221,3,21/06/2015,19/08/2014,paperback,read,,,,1,
840935,0140252924,9780140252927,3,22/11/2014,21/11/2014,paperback,read,,,,1,
1,0439785960,9780439785969,3,17/06/2015,19/08/2014,paperback,read,,,,1,
5996209,0553819879,9780553819878,4,,19/08/2014,paperback,read,,,,1,
15881,0439064864,9780439064866,3,26/05/2015,19/08/2014,paperback,read,,,,1,
6,,,3,2/06/2015,19/08/2014,paperback,read,,,,1,
2,0439358078,9780439358071,3,6/06/2015,19/08/2014,paperback,read,,,,1,
2977487,0758216432,9780758216434,4,,19/08/2014,paperback,read,,,,1,
8709527,1595143173,9781595143174,3,1/07/2015,19/08/2014,paperback,read,,,,1,
5996153,1595141987,9781595141989,3,7/06/2015,19/08/2014,paperback,read,,,,1,
8709523,1595143181,9781595143181,3,12/07/2015,19/08/2014,paperback,read,,,,1,
8709526,159514319X,9781595143198,3,18/07/2015,19/08/2014,paperback,read,,,,1,
6527740,1595143068,9781595143068,3,12/06/2015,19/08/2014,paperback,read,,,,1,
8709528,159514322X,9781595143228,4,27/07/2015,19/08/2014,paperback,read,,,,1,
235718,0758216416,9780758216410,4,,19/08/2014,paperback,read,,,,1,
2802316,1595141979,9781595141972,3,4/06/2015,19/08/2014,paperback,read,,,,1,
2233407,0441015891,9780441015894,4,,19/08/2014,paperback,read,,,,1,
61940,0552139122,9780552139120,4,,19/08/2014,paperback,read,,,,1,
5161066,0441017150,9780441017157,4,,19/08/2014,paperback,read,,,,1,
24869,0552139149,9780552139144,4,,19/08/2014,paperback,read,,,,1,
96460,0552146293,9780552146296,4,,19/08/2014,paperback,read,,,,1,
18660669,,,3,2/06/2015,19/08/2014,paperback,read,,,,1,
18247324,,,3,13/04/2015,19/08/2014,paperback,read,,,,1,
61938,0517086034,9780517086032,4,,19/08/2014,paperback,read,,,,1,
2282133,,,3,3/06/2015,19/08/2014,paperback,read,,,,1,
61959,0552137642,9780552137645,4,,19/08/2014,paperback,read,,,,1,
140097,0425217299,9780425217290,4,,19/08/2014,paperback,read,,,,1,
6344832,0425230155,9780425230152,4,,19/08/2014,paperback,read,,,,1,
301082,0441008534,9780441008537,4,,19/08/2014,paperback,read,,,,1,
110494,1841493007,9781841493008,4,,19/08/2014,paperback,read,,,,1,
140082,1841493015,9781841493015,4,,19/08/2014,paperback,read,,,,1,
140078,0425212033,9780425212035,4,,19/08/2014,paperback,read,,,,1,
140075,0441014941,9780441014941,4,,19/08/2014,paperback,read,,,,1,
74045,0553589598,9780553589597,3,,19/08/2014,paperback,read,,,,1,
74043,055358846X,9780553588460,3,,19/08/2014,paperback,read,,,,1,
2072153,0553591142,9780553591149,3,,19/08/2014,paperback,read,,,,1,
189359,1893896846,9781893896840,0,,19/08/2014,paperback,read,,,,1,
3865030,0553591150,9780553591156,3,,19/08/2014,paperback,read,,,,1,
189360,055358961X,9780553589610,3,,19/08/2014,paperback,read,,,,1,
6076380,0553591169,9780553591163,3,,19/08/2014,paperback,read,,,,1,
74046,0553588478,9780553588477,3,,19/08/2014,paperback,read,,,,1,
58077,0425212890,9780425212899,4,,19/08/2014,paperback,read,,,,1,
6986858,,,3,,19/08/2014,paperback,read,,,,1,
172764,0553588451,9780553588453,3,,19/08/2014,paperback,read,,,,1,
22838025,1921880287,9781921880285,4,23/07/2015,19/08/2014,paperback,read,,,,1,
125926,0553590154,9780553590159,0,,19/08/2014,paperback,read,,,,1,
11918,0452286034,9780452286030,0,,19/08/2014,paperback,read,,,,1,
11915,0553588184,9780553588187,0,,19/08/2014,paperback,read,,,,1,
21970091,140915517X,9781409155171,5,24/08/2014,19/08/2014,paperback,read,,,,1,
125925,0553590162,9780553590166,0,,19/08/2014,paperback,read,,,,1,
11149141,,,4,,19/08/2014,paperback,read,,,,1,
11137450,,9780575089358,3,,19/08/2014,paperback,read,,,,1,
464164,0747546290,9780747546290,0,27/05/2015,3/06/2014,paperback,read,,,,1,
11758941,0977547639,9780977547630,0,,3/01/2014,paperback,read,,,,1,
18866664,,9781921880223,4,25/07/2015,3/01/2014,paperback,read,,,,1,
124650,0007107927,9780007107926,0,,26/08/2012,paperback,read,,,,1,
124717,0007103417,9780007103416,0,,26/08/2012,paperback,read,,,,1,
3060616,1844837165,9781844837168,0,,3/01/2014,paperback,read,,,,1,
7960307,0749953020,9780749953027,0,,3/01/2014,paperback,read,,,,1,
13177535,,,0,22/06/2015,22/06/2015,ebook,read,,,,1,
4107256,1841497762,9781841497761,0,,19/08/2014,paperback,read,,,,1,
10863148,1841498033,9781841498034,0,,19/08/2014,paperback,read,,,,1,
6725785,0525951784,9780525951780,0,,19/08/2014,paperback,read,,,,1,
2813124,0553806645,9780553806649,0,,19/08/2014,paperback,read,,,,1,
7797032,1841498076,9781841498072,0,,19/08/2014,paperback,read,,,,1,
862350,0553588370,9780553588378,0,,19/08/2014,paperback,read,,,,1,
11922,0452285933,9780452285934,0,,19/08/2014,paperback,read,,,,1,
11919,0553587080,9780553587081,0,,19/08/2014,paperback,read,,,,1,
18873242,,,4,,19/08/2014,paperback,read,,,,1,
1541884,0553806610,9780553806618,0,,19/08/2014,paperback,read,,,,1,
11182703,,,4,,19/08/2014,paperback,read,,,,1,
18957788,,,0,,19/08/2014,paperback,read,,,,1,
13562219,,,4,16/11/2015,11/02/2015,,read,,,,1,
11335942,,,4,,19/08/2014,,read,,,,1,
8658215,,,2,,19/08/2014,,read,,,,1,
5762581,,,2,,19/08/2014,,read,,,,1,
5624799,,,2,,19/08/2014,,read,,,,1,
15981487,,,0,,19/08/2014,,read,,,,1,
47170450,,,0,,26/08/2019,"ebook, to-read",to-read,,,,0,
44937108,,,0,,26/08/2019,"to-read, ebook",to-read,,,,0,
44782214,,,0,,26/08/2019,"to-read, ebook",to-read,,,,0,
44440262,,,0,,26/08/2019,"to-read, ebook",to-read,,,,0,
19775731,,,0,,26/08/2019,"to-read, ebook",to-read,,,,0,
35231859,,,0,,26/08/2019,"to-read, ebook",to-read,,,,0,
25388199,,,0,,26/08/2019,"to-read, ebook",to-read,,,,0,
36240582,,,0,,26/08/2019,"to-read, ebook",to-read,,,,0,
18634109,,,0,,19/08/2014,"to-read, ebook",to-read,,,,0,
41445323,,,0,,8/04/2019,"paperback, to-read",to-read,,,,0,
17745735,,,0,,26/12/2014,"ebook, to-read",to-read,,,,0,
20645164,,,0,,20/12/2018,"ebook, to-read",to-read,,,,0,
15779193,,,0,,20/12/2018,"ebook, to-read",to-read,,,,0,
33958407,,,0,,20/12/2018,"ebook, to-read",to-read,,,,0,
34058936,,,0,,20/12/2018,"ebook, to-read",to-read,,,,0,
10397403,,,0,,19/08/2014,"to-read, ebook",to-read,,,,0,
22211114,,,0,,19/08/2014,"ebook, not-currently-reading",not-currently-reading,,,,0,
18865949,,,0,,19/08/2014,"to-read, ebook",to-read,,,,0,
33022782,,,0,,16/12/2017,"to-read, ebook",to-read,,,,0,
22843053,,,0,,16/07/2017,"to-read, ebook",to-read,,,,0,
18954846,,,0,,16/07/2017,"to-read, ebook",to-read,,,,0,
18954848,,,0,,16/07/2017,"to-read, ebook",to-read,,,,0,
18954844,,,0,,16/07/2017,"to-read, ebook",to-read,,,,0,
35178875,,,0,,16/07/2017,"to-read, ebook",to-read,,,,0,
6512869,,,0,,16/07/2017,"to-read, ebook",to-read,,,,0,
19184641,,,0,,16/07/2017,"to-read, ebook",to-read,,,,0,
33021758,,,0,,16/07/2017,"to-read, ebook",to-read,,,,0,
25362142,,,0,,16/07/2017,"to-read, ebook",to-read,,,,0,
18810874,,,0,,16/07/2017,"to-read, ebook",to-read,,,,0,
23627072,,,0,,17/01/2017,"to-read, ebook",to-read,,,,0,
33829095,,,0,,17/01/2017,"to-read, ebook",to-read,,,,0,
29565936,,,0,,17/01/2017,"to-read, ebook",to-read,,,,0,
10328119,,,0,,17/01/2017,"to-read, ebook",to-read,,,,0,
18934355,,,0,,17/01/2017,"to-read, ebook",to-read,,,,0,
18905561,,,0,,17/01/2017,"to-read, ebook",to-read,,,,0,
25132578,,,0,,17/01/2017,"to-read, ebook",to-read,,,,0,
29367042,,,0,,17/01/2017,"to-read, ebook",to-read,,,,0,
30120253,,,0,,17/01/2017,"to-read, ebook",to-read,,,,0,
25757266,,,0,,17/01/2017,"to-read, ebook",to-read,,,,0,
23703741,,,0,,17/01/2017,"to-read, ebook",to-read,,,,0,
23279680,,,0,,17/01/2017,"to-read, ebook",to-read,,,,0,
30850180,,,0,,17/01/2017,"to-read, ebook",to-read,,,,0,
18463822,,9780732287719,0,,14/01/2017,"to-read, paperback",to-read,,,,0,
954373,,,0,,14/01/2017,"to-read, paperback",to-read,,,,0,
7698681,,9781741668773,0,,17/12/2015,"to-read, paperback",to-read,,,,0,
8816969,,9781741668780,0,,17/12/2015,"to-read, paperback",to-read,,,,0,
11777684,,9780733623219,0,,14/01/2017,"to-read, paperback",to-read,,,,0,
27829617,,,0,,26/12/2016,"to-read, ebook",to-read,,,,0,
28223686,,,0,,26/12/2016,"to-read, ebook",to-read,,,,0,
33406133,,,0,,26/12/2016,"to-read, ebook",to-read,,,,0,
8786449,,,0,,26/12/2016,"to-read, ebook",to-read,,,,0,
13010378,,,0,,26/12/2016,"ebook, to-read",to-read,,,,0,
33521694,,,0,,26/12/2016,"to-read, ebook",to-read,,,,0,
20032466,,,0,,26/12/2016,"to-read, ebook",to-read,,,,0,
16064853,,,0,,26/12/2016,"to-read, ebook",to-read,,,,0,
27304591,,,0,,26/12/2016,"to-read, ebook",to-read,,,,0,
26045106,,,0,,26/12/2016,"to-read, ebook",to-read,,,,0,
23627121,,,0,,26/12/2016,"to-read, ebook",to-read,,,,0,
22884844,,,0,,26/12/2016,"to-read, ebook",to-read,,,,0,
17794220,,,0,,26/12/2016,"to-read, ebook",to-read,,,,0,
18685328,,,0,,26/12/2016,"to-read, ebook",to-read,,,,0,
19341437,,,0,,26/12/2016,"to-read, ebook",to-read,,,,0,
18857205,,,0,,26/12/2016,"to-read, ebook",to-read,,,,0,
30955930,,,0,,26/12/2016,"to-read, ebook",to-read,,,,0,
23810727,,,0,,26/12/2016,"to-read, ebook",to-read,,,,0,
18880679,,9780989790994,0,,26/12/2016,"to-read, ebook",to-read,,,,0,
12966247,,,0,,23/12/2015,"ebook, to-read",to-read,,,,0,
15739697,,,0,,19/08/2014,"to-read, ebook",to-read,,,,0,
27751337,,,0,,28/07/2016,"to-read, ebook",to-read,,,,0,
21202675,,,0,,28/07/2016,"to-read, ebook",to-read,,,,0,
18858310,,,0,,28/07/2016,"ebook, to-read",to-read,,,,0,
28087670,,,0,,12/07/2016,"to-read, ebook",to-read,,,,0,
26590191,,,0,,9/07/2016,"to-read, ebook",to-read,,,,0,
26093198,,,0,,9/07/2016,"to-read, ebook",to-read,,,,0,
17979605,,,0,,9/07/2016,"to-read, ebook",to-read,,,,0,
25845514,,,0,,9/07/2016,"to-read, ebook",to-read,,,,0,
22388244,,,0,,9/07/2016,"to-read, ebook",to-read,,,,0,
27843111,,,0,,9/07/2016,"ebook, to-read",to-read,,,,0,
25455454,,,0,,9/07/2016,"ebook, to-read",to-read,,,,0,
24156572,,,0,,6/06/2016,"ebook, to-read",to-read,,,,0,
23396039,,,0,,6/06/2016,"ebook, to-read",to-read,,,,0,
24004387,,,0,,30/05/2016,"ebook, to-read",to-read,,,,0,
27314300,,,0,,30/05/2016,"ebook, to-read",to-read,,,,0,
26873278,,,0,,30/05/2016,"ebook, to-read",to-read,,,,0,
25496466,,,0,,24/05/2016,"to-read, paperback",to-read,,,,0,
24728088,,,0,,24/05/2016,"to-read, ebook",to-read,,,,0,
18928853,,,0,,24/05/2016,"to-read, ebook",to-read,,,,0,
18951555,,,0,,24/05/2016,"to-read, ebook",to-read,,,,0,
20959574,,,0,,24/05/2016,"to-read, ebook",to-read,,,,0,
28595966,,,0,,24/05/2016,"to-read, ebook",to-read,,,,0,
24236697,,,2,,24/05/2016,"to-read, ebook",to-read,,,,0,
13645506,,,0,,24/05/2016,"to-read, ebook",to-read,,,,0,
15777401,,,0,,24/05/2016,to-read,to-read,,,,0,
14031401,,,0,,24/05/2016,to-read,to-read,,,,0,
29492896,,,0,,26/04/2016,"ebook, to-read",to-read,,,,0,26/04/2016
26831954,,,0,,26/04/2016,"ebook, to-read",to-read,,,,0,26/04/2016
21943285,,,0,,26/04/2016,"ebook, to-read",to-read,,,,0,26/04/2016
25549355,,,0,,26/04/2016,"ebook, to-read",to-read,,,,0,26/04/2016
22072831,,,0,,5/04/2016,"to-read, ebook",to-read,,,,0,
23790372,,,0,,5/04/2016,"to-read, ebook",to-read,,,,0,
21965671,,,0,,5/04/2016,"to-read, ebook",to-read,,,,0,
6590354,,,0,,5/04/2016,"ebook, to-read",to-read,,,,0,
11301266,,,0,,12/03/2016,"to-read, ebook",to-read,,,,0,
12355784,,,0,,12/03/2016,"to-read, ebook",to-read,,,,0,
24379773,,,0,,12/03/2016,"to-read, ebook",to-read,,,,0,
23154559,,,0,,12/03/2016,"to-read, ebook",to-read,,,,0,
20369768,,,0,,12/03/2016,"to-read, ebook",to-read,,,,0,
22403388,,,0,,12/03/2016,"to-read, ebook",to-read,,,,0,
28177053,,,0,,12/03/2016,"ebook, to-read",to-read,,,,0,
28379591,,,0,,12/03/2016,"ebook, to-read",to-read,,,,0,
11479538,,,0,,12/03/2016,"ebook, to-read",to-read,,,,0,
17613644,,,0,,12/03/2016,"ebook, to-read",to-read,,,,0,
16084685,,,0,,12/03/2016,"to-read, ebook",to-read,,,,0,
11352552,,,0,,12/03/2016,"to-read, ebook",to-read,,,,0,
25863548,,,0,,12/03/2016,"to-read, ebook",to-read,,,,0,
28104804,,,0,,12/03/2016,"to-read, ebook",to-read,,,,0,
17979809,,,0,,12/03/2016,"to-read, ebook",to-read,,,,0,
16082143,,,0,,12/03/2016,"to-read, ebook",to-read,,,,0,
22457524,,,0,,12/03/2016,"to-read, ebook",to-read,,,,0,
27826531,,,0,,12/03/2016,"to-read, ebook",to-read,,,,0,
11063306,,,0,,12/03/2016,"to-read, ebook",to-read,,,,0,
28542220,,,0,,12/03/2016,"to-read, ebook",to-read,,,,0,
20644752,,,0,,12/03/2016,"to-read, ebook",to-read,,,,0,
12741696,,,0,,12/03/2016,"to-read, ebook",to-read,,,,0,
25458643,,,0,,12/03/2016,"to-read, ebook",to-read,,,,0,
27411249,,,0,,12/03/2016,"to-read, ebook",to-read,,,,0,
14478204,,,0,,12/03/2016,"to-read, ebook",to-read,,,,0,
25835605,,,0,,12/03/2016,"to-read, ebook",to-read,,,,0,
26132256,,,0,,12/03/2016,"to-read, ebook",to-read,,,,0,
25706931,,,0,,12/03/2016,"to-read, ebook",to-read,,,,0,
23257010,,,0,,12/03/2016,"to-read, ebook",to-read,,,,0,
15781629,,,0,,21/05/2015,"to-read, ebook",to-read,,,,0,
16429619,,,0,,18/01/2016,to-read,to-read,,,,0,
20611771,,,0,,23/12/2015,"ebook, to-read",to-read,,,,0,
13498427,,,0,,23/12/2015,"ebook, to-read",to-read,,,,0,
24676867,,,0,,23/12/2015,"ebook, to-read",to-read,,,,0,
23011800,,,0,,23/12/2015,"ebook, to-read",to-read,,,,0,
15059301,,,0,,23/12/2015,"ebook, to-read",to-read,,,,0,
13628795,,,0,,23/12/2015,"ebook, to-read",to-read,,,,0,
18888866,,,0,,23/12/2015,"ebook, to-read",to-read,,,,0,
24443918,,,0,,23/12/2015,"ebook, to-read",to-read,,,,0,
17912350,,,0,,23/12/2015,"ebook, to-read",to-read,,,,0,
27824418,,,0,,6/12/2015,to-read,to-read,,,,0,
16131815,,,0,,2/12/2015,"ebook, to-read",to-read,,,,0,
18888139,,,0,,2/12/2015,"ebook, to-read",to-read,,,,0,
23601034,,,0,,2/12/2015,"ebook, to-read",to-read,,,,0,
20555672,,,0,,2/12/2015,"ebook, to-read",to-read,,,,0,
18455548,,,0,,2/12/2015,"ebook, to-read",to-read,,,,0,
11663719,,,0,,2/12/2015,"ebook, to-read",to-read,,,,0,
17457907,,,0,,2/12/2015,"ebook, to-read",to-read,,,,0,
25633837,,,0,,2/12/2015,"ebook, to-read",to-read,,,,0,
20502469,,,0,,19/08/2014,"to-read, ebook",to-read,,,,0,
21531761,,,0,,28/11/2015,"to-read, ebook",to-read,,,,0,
27809810,,9781741754476,0,,27/11/2015,"to-read, paperback",to-read,,,,0,
25117505,,,0,,12/04/2015,"to-read, ebook",to-read,,,,0,
23453952,,,0,,11/02/2015,"to-read, ebook",to-read,,,,0,
13433636,,,0,,19/08/2014,"to-read, ebook",to-read,,,,0,
17737996,,,0,,21/05/2015,"to-read, ebook",to-read,,,,0,
19002714,,9781462063031,0,,19/08/2014,"to-read, ebook",to-read,,,,0,
23301818,,9780008115289,0,,2/03/2015,"to-read, ebook",to-read,,,,0,
16038463,,,0,,19/08/2014,"to-read, ebook",to-read,,,,0,
15736950,,,0,,19/08/2014,"to-read, ebook",to-read,,,,0,
