Reader,Book_Id,ISBN,ISBN13,My_Rating,Date_Read,Date_Added,Bookshelves,Exclusive_Shelf,My_Review,Spoiler,Private_Notes,Read_Count,Original_Purchase_Date
Trixie,38213085,1405934131,9.78141E+12,0,,4/10/2019,"currently-reading, paperback",currently-reading,,,,1,
Trixie,25115882,,,4,3/10/2019,24/05/2016,ebook,read,,,,1,
Trixie,47173158,,,3,19/09/2019,26/12/2014,ebook,read,,,,1,
Trixie,770565,688103804,9.78069E+12,0,,26/08/2019,paperback,read,,,,0,
Trixie,61926,345419359,9.78035E+12,0,,26/08/2019,paperback,read,,,,0,
Trixie,127586,345341678,9.78035E+12,0,,26/08/2019,paperback,read,,,,0,
Trixie,28547,689860072,9.78069E+12,0,,26/08/2019,paperback,read,,,,0,
Trixie,177938,553188445,9.78055E+12,0,,26/08/2019,paperback,read,,,,0,
Trixie,28541,141692499X,9.78142E+12,0,,26/08/2019,paperback,read,,,,0,
Trixie,127584,,,0,,26/08/2019,paperback,read,,,,0,
Trixie,61975,345484266,9.78035E+12,0,,26/08/2019,paperback,read,,,,0,
Trixie,18889,788720392,9.78079E+12,0,,26/08/2019,paperback,read,,,,0,
Trixie,18892,451454243,9.78045E+12,0,,26/08/2019,paperback,read,,,,0,
Trixie,40605251,,,0,,26/08/2019,paperback,read,,,,0,
Trixie,43919,586071393,9.78059E+12,0,,26/08/2019,paperback,read,,,,0,
Trixie,18884,345422554,9.78035E+12,0,,26/08/2019,paperback,read,,,,0,
Trixie,189802,345403959,9.78035E+12,0,,26/08/2019,paperback,read,,,,0,
Trixie,44687,345300785,9.78035E+12,0,,26/08/2019,paperback,read,,,,0,
Trixie,645023,345335708,9.78035E+12,0,,26/08/2019,paperback,read,,,,0,
Trixie,44688,345335457,9.78035E+12,0,,26/08/2019,paperback,read,,,,0,
Trixie,587582,345335651,9.78035E+12,0,,26/08/2019,paperback,read,,,,0,
Trixie,44659,345468643,9.78035E+12,0,,26/08/2019,paperback,read,,,,0,
Trixie,10596,451191013,9.78045E+12,0,,26/08/2019,paperback,read,,,,0,
Trixie,17660,,,0,,26/08/2019,paperback,read,,,,0,
Trixie,10605,451190750,9.78045E+12,0,,26/08/2019,paperback,read,,,,0,
Trixie,5129,60929871,9.78006E+12,0,,26/08/2019,paperback,read,,,,0,
Trixie,18512,,,0,1/10/2013,26/08/2019,paperback,read,,,,0,
Trixie,15241,618346260,9.78062E+12,0,1/10/2013,26/08/2019,paperback,read,,,,0,
Trixie,34,618346252,9.78062E+12,0,1/10/2013,26/08/2019,paperback,read,,,,0,
Trixie,5907,618260307,9.78062E+12,0,1/10/2013,26/08/2019,paperback,read,,,,0,
Trixie,18342283,399160477,9.7804E+12,0,,26/08/2019,paperback,read,,,,0,
Trixie,19675,6479758,9.78001E+12,0,,26/08/2019,paperback,read,,,,0,
Trixie,19670,425147584,9.78043E+12,0,,26/08/2019,paperback,read,,,,0,
Trixie,34993,425184226,9.78043E+12,0,,26/08/2019,paperback,read,,,,0,
Trixie,32669,425144372,9.78043E+12,0,,26/08/2019,paperback,read,,,,0,
Trixie,382549,425116840,9.78043E+12,0,,26/08/2019,paperback,read,,,,0,
Trixie,19691,425172902,9.78043E+12,0,,26/08/2019,paperback,read,,,,0,
Trixie,19707,399148701,9.7804E+12,0,,26/08/2019,paperback,read,,,,0,
Trixie,32682,425134350,9.78043E+12,0,,26/08/2019,paperback,read,,,,0,
Trixie,1855153,140008535,9.78014E+12,0,,26/08/2019,paperback,read,,,,0,
Trixie,395868,1903015111,9.7819E+12,0,,26/08/2019,paperback,read,,,,0,
Trixie,35231,812513754,9.78081E+12,0,,26/08/2019,paperback,read,,,,0,
Trixie,13895,1857232097,9.78186E+12,0,,26/08/2019,paperback,read,,,,0,
Trixie,9539,812513738,9.78081E+12,0,,26/08/2019,paperback,read,,,,0,
Trixie,34897,765305119,9.78077E+12,0,,26/08/2019,paperback,read,,,,0,
Trixie,233649,812517725,9.78081E+12,0,,26/08/2019,paperback,read,,,,0,
Trixie,228665,812511816,9.78081E+12,0,,26/08/2019,paperback,read,,,,0,
Trixie,8834,055277183X,9.78055E+12,0,,26/08/2019,paperback,read,,,,0,
Trixie,242241,059305749X,9.78059E+12,0,,26/08/2019,paperback,read,,,,0,
Trixie,242252,552154490,9.78055E+12,0,,26/08/2019,paperback,read,,,,0,
Trixie,8829,552771236,9.78055E+12,0,,26/08/2019,paperback,read,,,,0,
Trixie,242242,552154482,9.78055E+12,0,,26/08/2019,paperback,read,,,,0,
Trixie,8828,552999954,9.78055E+12,0,,26/08/2019,paperback,read,,,,0,
Trixie,8826,552999458,9.78055E+12,0,,26/08/2019,paperback,read,,,,0,
Trixie,14497,60557818,9.78006E+12,0,,26/08/2019,paperback,read,,,,0,
Trixie,14498,1401210074,9.7814E+12,0,,26/08/2019,paperback,read,,,,0,
Trixie,359,345455290,9.78035E+12,0,,26/08/2019,paperback,read,,,,0,
Trixie,357,671742515,9.78067E+12,0,,26/08/2019,paperback,read,,,,0,
Trixie,569429,345379330,9.78035E+12,0,,26/08/2019,paperback,read,,,,0,
Trixie,365,,,0,,26/08/2019,paperback,read,,,,0,
Trixie,6091075,,,0,,26/08/2019,paperback,read,,,,0,
Trixie,8694,345418905,9.78035E+12,0,,26/08/2019,paperback,read,,,,0,
Trixie,8695,,,0,,26/08/2019,paperback,read,,,,0,
Trixie,386162,,,0,,26/08/2019,paperback,read,,,,0,
Trixie,11566,451933028,9.78045E+12,0,,26/08/2019,paperback,read,,,,0,
Trixie,9364112,1926428226,9.78193E+12,0,,26/08/2019,hardcover,read,,,,0,
Trixie,1036706,600205215,9.7806E+12,0,,26/08/2019,paperback,read,,,,0,
Trixie,473623,749732105,9.78075E+12,0,,26/08/2019,paperback,read,,,,0,
Trixie,74998,074974801X,9.78075E+12,0,,26/08/2019,paperback,read,,,,0,
Trixie,17491,749748001,9.78075E+12,0,,26/08/2019,paperback,read,,,,0,
Trixie,11313,689840330,9.78069E+12,0,,26/08/2019,paperback,read,,,,0,
Trixie,222576,1416949674,9.78142E+12,0,,26/08/2019,paperback,read,,,,0,
Trixie,24963,689840349,9.78069E+12,0,,26/08/2019,paperback,read,,,,0,
Trixie,210329,1416949658,9.78142E+12,0,,26/08/2019,paperback,read,,,,0,
Trixie,11312,068987121X,9.78069E+12,0,,26/08/2019,paperback,read,,,,0,
Trixie,39309734,1473647649,9.78147E+12,4,25/08/2019,15/06/2019,paperback,read,,,,1,
Trixie,42643896,1405940360,9.78141E+12,5,12/08/2019,27/07/2019,paperback,read,,,,1,
Trixie,43603472,1787476200,9.78179E+12,5,27/07/2019,27/07/2019,paperback,read,,,,1,
Trixie,61666,2266079999,9.78227E+12,4,13/07/2019,20/06/2019,ebook,read,,,,1,
Trixie,18006972,,,4,20/06/2019,19/08/2014,ebook,read,,,,1,
Trixie,30965619,147362147X,9.78147E+12,4,15/06/2019,15/06/2019,paperback,read,,,,1,
Trixie,25786523,1473619807,9.78147E+12,4,25/05/2019,25/05/2019,paperback,read,,,,1,
Trixie,32560587,,,4,11/05/2019,26/04/2019,,read,,,,1,
Trixie,35239798,1760630497,9.78176E+12,5,30/04/2019,24/04/2019,paperback,read,,,,1,
Trixie,34864998,,,0,25/04/2019,18/04/2019,,read,,,,1,
Trixie,42781019,1302914952,9.7813E+12,3,20/04/2019,20/04/2019,"graphic-novels, paperback",read,,,,1,
Trixie,23362679,,,4,15/04/2019,12/03/2016,ebook,read,,,,1,
Trixie,38337005,1473223679,9.78147E+12,4,5/04/2019,15/03/2019,paperback,read,,,,1,
Trixie,13248445,1467974617,9.78147E+12,4,31/03/2019,31/03/2019,"borrowed, ebook",read,,,,1,
Trixie,30079433,1785040200,9.78179E+12,4,17/03/2019,10/02/2019,paperback,read,,,,1,
Trixie,12148444,1461174716,9.78146E+12,0,,15/03/2019,borrowed,read,,,,1,
Trixie,22611099,,9.78131E+12,5,7/03/2019,6/03/2019,ebook,read,"There’s a lot to love about this book.<br/>I thoroughly enjoyed the characters, the weaving of the plot, and the world creation that’s gone to making the Seven Lands a complete and complex world to inhabit for a while.<br/><br/>I’d love a map of the world, and I hope that this will be included in future books in the series.&#x1f600;<br/><br/>I do like the play on the evil and good twins which has been included:<br/>“Does that make me evil and <twin 2> good, <travel companion>?”<br/>“No <twin 1>. What each of you do with the situations you find yourselves in will decide whether you are good or evil.”<br/><br/>I also love the thoughts of one of the characters when it comes to a hearty breakfast:<br/>“but some days a grown man just needed bacon, fatty sausages, eggs, fried potatoes and thick slabs of toasted bread topped with even thicker slabs of butter. Today was one of those days.”<br/>Today is often one of those bacon days for me, and any author who is willing to back me on that is one I’m happy to support! (I wonder if it was her husband who planted that thought??)",TRUE,,1,
Trixie,43131073,,,4,9/02/2019,9/02/2019,"graphic-novels, paperback",read,,,,1,
Trixie,42671213,,,4,9/02/2019,9/02/2019,"graphic-novels, paperback",read,,,,1,
Trixie,42382053,,,4,9/02/2019,9/02/2019,"graphic-novels, paperback",read,,,,1,
Trixie,40520964,,,4,9/02/2019,9/02/2019,"graphic-novels, paperback",read,,,,1,
Trixie,43612185,1302912534,9.7813E+12,5,9/02/2019,9/02/2019,"graphic-novels, paperback",read,,,,1,
Trixie,43440460,,,4,9/02/2019,9/02/2019,"graphic-novels, paperback",read,,,,1,
Trixie,43518739,,,4,9/02/2019,9/02/2019,"graphic-novels, paperback",read,,,,1,
Trixie,43587824,,,4,8/02/2019,8/02/2019,"graphic-novels, paperback",read,,,,1,
Trixie,43735681,,,0,8/02/2019,2/02/2019,,read,,,,1,
Trixie,35450250,,,5,2/02/2019,16/05/2018,to-get,read,,,,1,
Trixie,29775981,241257530,9.78024E+12,4,2/02/2019,20/01/2019,paperback,read,,,,1,
Trixie,31111313,130290499X,9.7813E+12,5,18/01/2019,18/01/2019,"graphic-novels, paperback",read,,,,1,
Trixie,42283967,,,4,18/01/2019,18/01/2019,"graphic-novels, paperback",read,,,,1,
Trixie,41028078,,,4,18/01/2019,18/01/2019,"graphic-novels, paperback",read,,,,1,
Trixie,42972091,,,4,18/01/2019,18/01/2019,"graphic-novels, paperback",read,,,,1,
Trixie,31127058,,,0,18/01/2019,17/01/2017,ebook,read,,,,1,
Trixie,30192397,,,0,12/01/2019,24/05/2016,ebook,read,,,,1,
Trixie,31867499,,,0,7/01/2019,26/12/2016,ebook,read,,,,1,
Trixie,26047871,,,0,1/01/2019,9/07/2016,ebook,read,,,,1,
Trixie,24873663,1942274041,9.78194E+12,4,29/12/2018,25/12/2018,ebook,read,,,,1,
Trixie,20898019,078519021X,9.78079E+12,4,26/12/2018,26/12/2018,"graphic-novels, paperback",read,,,,1,
Trixie,23569242,,,4,24/12/2018,12/03/2016,ebook,read,,,,1,
Trixie,34804615,,,0,19/12/2018,13/12/2018,,read,,,,1,
Trixie,37708054,,,4,,13/12/2018,,read,,,,1,
Trixie,42187469,,,0,13/12/2018,10/12/2018,,read,,,,1,
Trixie,34397432,,,0,10/12/2018,8/12/2018,,read,,,,1,
Trixie,29558243,,,0,8/12/2018,6/12/2018,,read,,,,1,
Trixie,27810734,,,0,6/12/2018,5/12/2018,,read,,,,1,
Trixie,23826137,,,4,5/12/2018,3/12/2018,,read,"I have no words.<br/>The dedication made me wonder who was in the firing line.<br/>The first one? Fine, I coped.<br/>The second? Nearly broke my heart.<br/>But the third????  I hate Annie Bellet a little bit right now, a bit like I hated Joss Whedon a few times.<br/>You know a book is good when the heartbreak is real.",TRUE,,1,
Trixie,23303229,,,0,3/12/2018,2/12/2018,ebook,read,,,,1,
Trixie,25731954,,,0,2/12/2018,24/05/2016,ebook,read,,,,1,
Trixie,20898015,785189319,9.78079E+12,4,1/12/2018,24/11/2017,"graphic-novels, paperback",read,,,,1,
Trixie,23012190,,,0,30/11/2018,17/01/2017,ebook,read,,,,1,
Trixie,22926105,,,4,26/11/2018,21/11/2014,ebook,read,,,,1,
Trixie,30238037,,,3,26/11/2018,24/05/2016,ebook,read,"This reads more as three novellas in one rather than three books.<br/>The plots are simple, characters seem to be under development, as is the world to some degree. (Yes, it’s set in the US, but the rules of the magical side of the world are definitely still under construction.)<br/>There are also some typos in the edition I read.<br/>Not a bad read, but definitely predictable, short, and not as engaging as I had hoped it would be.<br/>Or that’s my interpretation today anyway.",,,1,
Trixie,25047385,,,0,21/11/2018,2/11/2018,,read,,,,1,
Trixie,25770776,,,0,21/11/2018,11/11/2018,,read,,,,1,
Trixie,24003795,,,0,2/11/2018,27/10/2018,,read,,,,1,
Trixie,36339994,,,4,27/10/2018,25/10/2018,,read,,,,1,
Trixie,31310941,,,4,25/10/2018,17/10/2018,,read,,,,1,
Trixie,34451671,,,0,25/10/2018,21/10/2018,,read,,,,1,
Trixie,32996400,,,4,18/10/2018,26/12/2016,ebook,read,,,,1,
Trixie,34209026,,,4,17/10/2018,15/10/2018,,read,,,,1,
Trixie,40797152,,,4,13/10/2018,11/10/2018,,read,,,,1,
Trixie,19275608,045141960X,9.78045E+12,4,12/10/2018,1/10/2018,ebook,read,,,,1,
Trixie,16144868,451419596,9.78045E+12,4,1/10/2018,28/09/2018,ebook,read,,,,1,
Trixie,15749143,451237137,9.78045E+12,4,28/09/2018,28/09/2018,,read,,,,1,
Trixie,40032834,,,4,28/09/2018,12/09/2018,,read,,,,1,
Trixie,36343909,,,4,11/09/2018,11/09/2018,ebook,read,,,,1,
Trixie,40213050,,,4,11/09/2018,11/09/2018,ebook,read,,,,1,
Trixie,37119495,,,4,6/09/2018,30/08/2018,ebook,read,,,,1,
Trixie,35846947,,,0,30/08/2018,26/08/2018,ebook,read,,,,1,
Trixie,34739411,,,4,26/08/2018,24/08/2018,ebook,read,,,,1,
Trixie,33242759,,,4,24/08/2018,12/08/2018,,read,,,,1,
Trixie,13478341,1101590211,9.7811E+12,4,16/08/2018,6/08/2018,ebook,read,,,,1,
Trixie,22070712,,,0,12/08/2018,12/08/2018,,read,,,,1,
Trixie,12363978,451237110,9.78045E+12,4,6/08/2018,26/07/2018,ebook,read,,,,1,
Trixie,10399862,440245737,9.78044E+12,5,26/07/2018,22/07/2018,ebook,read,,,,1,
Trixie,9380186,749954914,9.78075E+12,5,22/07/2018,14/01/2017,paperback,read,,,,1,
Trixie,10853886,1416577599,9.78142E+12,5,21/07/2018,15/07/2018,ebook,read,,,,1,
Trixie,898404,330442325,9.78033E+12,5,15/07/2018,14/07/2018,ebook,read,,,,1,
Trixie,144789,312937660,9.78031E+12,4,14/07/2018,12/07/2018,ebook,read,,,,1,
Trixie,10851275,,,5,12/07/2018,8/07/2018,ebook,read,,,,1,
Trixie,144793,312983220,9.78031E+12,4,8/07/2018,6/07/2018,borrowed,read,,,,1,
Trixie,30247358,,,3,4/07/2018,17/01/2017,ebook,read,,,,1,
Trixie,13502958,7264798,9.78001E+12,4,30/06/2018,11/06/2018,borrowed,read,,,,1,
Trixie,11827476,006146841X,9.78006E+12,4,11/06/2018,28/05/2018,borrowed,read,,,,1,
Trixie,8664327,61468398,9.78006E+12,4,28/05/2018,18/05/2018,borrowed,read,,,,1,
Trixie,6697866,61468371,9.78006E+12,3,18/05/2018,12/05/2018,borrowed,read,,,,1,
Trixie,4003436,61468363,9.78006E+12,3,12/05/2018,12/05/2018,borrowed,read,,,,1,
Trixie,1196299,60792981,9.78006E+12,0,13/05/2018,22/04/2018,borrowed,read,,,,1,
Trixie,13814,60792809,9.78006E+12,3,22/04/2018,3/04/2018,borrowed,read,,,,1,
Trixie,13807,60792787,9.78006E+12,3,3/04/2018,26/03/2018,borrowed,read,,,,1,
Trixie,13809,380803275,9.78038E+12,3,26/03/2018,16/03/2018,borrowed,read,,,,1,
Trixie,153175,380803267,9.78038E+12,4,16/03/2018,11/03/2018,borrowed,read,,,,1,
Trixie,13811,380803240,9.78038E+12,4,11/03/2018,10/03/2018,borrowed,read,,,,1,
Trixie,13816,6483909,9.78001E+12,4,7/03/2018,26/02/2018,borrowed,read,,,,1,
Trixie,13819,6483895,9.78001E+12,3,26/02/2018,17/02/2018,borrowed,read,,,,1,
Trixie,13808,60792833,9.78006E+12,4,17/02/2018,11/02/2018,borrowed,read,,,,1,
Trixie,17212339,7511280,9.78001E+12,4,11/02/2018,10/02/2018,borrowed,read,,,,1,
Trixie,177191,380795280,9.78038E+12,4,9/02/2018,3/02/2018,borrowed,read,,,,1,
Trixie,13818,380803232,9.78038E+12,4,3/02/2018,2/02/2018,borrowed,read,,,,1,
Trixie,92918,380795272,9.78038E+12,4,2/02/2018,28/01/2018,borrowed,read,,,,1,
Trixie,13817,380789833,9.78038E+12,4,28/01/2018,20/01/2018,borrowed,read,,,,1,
Trixie,169959,553563734,9.78055E+12,5,1/01/2018,31/12/2017,borrowed,read,,,,1,
Trixie,13881,380974738,9.78038E+12,4,20/01/2018,8/01/2018,borrowed,read,,,,1,
Trixie,43917,6497012,9.78001E+12,5,6/01/2018,5/01/2018,borrowed,read,,,,1,
Trixie,43908,380720868,9.78038E+12,5,5/01/2018,2/01/2018,borrowed,read,,,,1,
Trixie,1017105,7176163,9.78001E+12,5,31/12/2017,29/12/2017,borrowed,read,,,,1,
Trixie,23965456,,,1,22/01/2017,12/03/2016,ebook,read,"While there are some good ideas hidden within this book, some are let down by a lack of relevant details, e.g. Talking pressure points on the leg without specifying where around the leg she is talking about. Others are so well known that their inclusion is curious.<br/>Numerous typo and grammatical errors remain, speaking to a lack of editing and/or proof reading.",,,1,
Trixie,18396143,356500950,9.78036E+12,4,29/12/2017,5/12/2016,paperback,read,,,,1,
Trixie,8058301,045146379X,9.78045E+12,5,9/12/2017,14/11/2017,"borrowed, ebook",read,,,,1,
Trixie,29507117,785196587,9.78079E+12,5,24/11/2017,24/11/2017,"graphic-novels, paperback",read,,,,1,
Trixie,27163019,785196579,9.78079E+12,5,24/11/2017,24/11/2017,"graphic-novels, paperback",read,,,,1,
Trixie,34975021,1534301860,9.78153E+12,4,24/11/2017,24/11/2017,"graphic-novels, paperback",read,,,,1,
Trixie,7973328,1841497142,9.78184E+12,5,14/11/2017,5/12/2016,paperback,read,,,,1,
Trixie,10795674,356500373,9.78036E+12,4,3/11/2017,5/12/2016,"paperback, ebook",read,,,,1,
Trixie,927979,451461894,9.78045E+12,0,,14/10/2017,ebook,read,,,,1,
Trixie,91475,451461401,9.78045E+12,0,9/10/2017,4/05/2017,ebook,read,,,,1,
Trixie,10409623,356500349,9.78036E+12,4,28/09/2017,5/12/2016,paperback,read,,,,2,
Trixie,10008842,,,0,7/09/2014,19/08/2014,ebook,read,,,,1,
Trixie,30321613,,,2,6/09/2017,6/09/2017,,read,,,,1,
Trixie,19026700,,,3,3/09/2017,16/07/2017,ebook,read,,,,1,
Trixie,34725860,,,4,24/08/2017,12/08/2017,ebook,read,,,,1,
Trixie,30304560,,,4,12/08/2017,16/07/2017,ebook,read,,,,1,
Trixie,33542748,,,4,16/08/2017,12/08/2017,ebook,read,,,,1,
Trixie,18781910,,,3,31/07/2017,26/12/2014,ebook,read,,,,1,
Trixie,25648934,,,3,13/05/2017,13/05/2017,"borrowed, ebook",read,,,,1,
Trixie,12742903,,,4,9/06/2017,16/07/2017,ebook,read,,,,1,
Trixie,17209543,,,4,16/07/2017,16/07/2017,ebook,read,,,,1,
Trixie,15780961,,,0,12/07/2017,16/07/2017,ebook,read,,,,1,
Trixie,13612018,,,4,2/07/2017,16/07/2017,ebook,read,,,,1,
Trixie,29467817,1302902156,9.7813E+12,4,10/04/2017,10/04/2017,"graphic-novels, paperback",read,,,,1,
Trixie,29246522,1784298476,9.78178E+12,5,28/05/2017,28/05/2017,paperback,read,,,,1,
Trixie,23993619,,9.78178E+12,0,20/01/2015,30/12/2015,hardcover,read,,,,1,
Trixie,16002136,785165622,9.78079E+12,4,14/04/2017,14/04/2017,"graphic-novels, paperback",read,,,,1,
Trixie,23017989,785193103,9.78079E+12,4,10/04/2017,10/04/2017,"graphic-novels, paperback",read,,,,1,
Trixie,10409606,356500330,9.78036E+12,4,13/04/2017,24/11/2016,paperback,read,,,,1,
Trixie,10318435,356500322,9.78036E+12,4,31/03/2017,24/11/2016,paperback,read,,,,1,
Trixie,32601083,1760290769,9.78176E+12,5,28/03/2017,28/03/2017,paperback,read,"It's not often a book has me laughing out loud.<br/>This one did.<br/>Not for the comedy lines DAAS use on stage, but the turn of phrase Livo uses in his depictions of live behind the stage. The stage where I have seen DAAS in both incarnations. Some performances being mentioned specifically within this mighty tome.<br/>May the DAAS army roll on for years to come.<br/>If you want the truth of DAAS, there is nowhere to look. This may be as close as you come.<br/>Tick. Fucking. Tock.",,,1,
Trixie,25066752,785192530,9.78079E+12,5,11/03/2017,3/06/2016,graphic-novels,read,,,,1,
Trixie,22812127,785188207,9.78079E+12,4,8/03/2017,3/06/2016,graphic-novels,read,,,,1,
Trixie,19539419,785188193,9.78079E+12,5,6/03/2017,3/06/2016,"graphic-novels, paperback",read,,,,1,
Trixie,28963359,785199756,9.78079E+12,4,5/03/2017,5/03/2017,"graphic-novels, paperback",read,,,,1,
Trixie,17903940,,,4,17/02/2017,17/01/2017,ebook,read,,,,1,
Trixie,18774652,,,4,12/02/2017,12/03/2016,ebook,read,,,,1,
Trixie,18467725,,,4,12/02/2017,17/01/2017,ebook,read,,,,2,
Trixie,18911646,,,3,10/02/2017,17/01/2017,ebook,read,,,,1,
Trixie,13203178,,,0,12/01/2017,11/02/2015,ebook,read,,,,1,
Trixie,6619930,441018513,9.78044E+12,0,,14/01/2017,paperback,read,,,,1,
Trixie,2071683,441015816,9.78044E+12,0,,14/01/2017,paperback,read,,,,1,
Trixie,685386,441010512,9.78044E+12,0,,14/01/2017,paperback,read,,,,1,
Trixie,685385,441009239,9.78044E+12,0,,14/01/2017,paperback,read,,,,1,
Trixie,4602032,441016995,9.78044E+12,0,,14/01/2017,paperback,read,,,,1,
Trixie,1316617,758216424,9.78076E+12,0,,14/01/2017,paperback,read,,,,1,
Trixie,6695785,385618026,9.78039E+12,0,,14/01/2017,paperback,read,,,,1,
Trixie,587439,1416502963,9.78142E+12,0,,14/01/2017,paperback,read,,,,1,
Trixie,6791159,184149805X,9.78184E+12,0,,14/01/2017,hardcover,read,,,,1,
Trixie,187880,99470462,9.7801E+12,0,,14/01/2017,paperback,read,,,,1,
Trixie,11265544,,,0,2/07/2015,22/06/2015,"ebook, paperback",read,,,,1,
Trixie,10671189,,,4,,3/01/2014,paperback,read,,,,1,
Trixie,3128413,553819127,9.78055E+12,4,,19/08/2014,paperback,read,,,,1,
Trixie,2619996,345495063,9.78035E+12,0,,14/01/2017,paperback,read,,,,1,
Trixie,884583,886773288,9.78089E+12,0,,14/01/2017,paperback,read,,,,1,
Trixie,7832325,451231678,9.78045E+12,0,,14/01/2017,paperback,read,,,,1,
Trixie,9633188,451233778,9.78045E+12,0,,14/01/2017,paperback,read,,,,1,
Trixie,92141,61350966,9.78006E+12,0,,14/01/2017,paperback,read,,,,1,
Trixie,18373311,1401246036,9.7814E+12,0,19/08/2014,19/08/2014,"paperback, graphic-novels",read,,,,1,
Trixie,17671957,1401242995,9.7814E+12,0,22/08/2014,22/08/2014,"paperback, graphic-novels",read,,,,1,
Trixie,515619,552148407,9.78055E+12,0,,17/12/2015,paperback,read,,,,1,
Trixie,833426,552142379,9.78055E+12,0,,17/12/2015,paperback,read,,,,1,
Trixie,833430,552138916,9.78055E+12,0,,17/12/2015,paperback,read,,,,1,
Trixie,828352,552131067,9.78055E+12,0,,17/12/2015,paperback,read,,,,1,
Trixie,233679,552134627,9.78055E+12,0,,17/12/2015,paperback,read,,,,1,
Trixie,31867973,,,4,27/12/2016,26/12/2016,ebook,read,,,,1,
Trixie,23743263,,,0,,26/12/2016,"currently-reading, ebook",currently-reading,,,,1,
Trixie,29816822,,,4,24/12/2016,6/06/2016,ebook,read,,,,1,
Trixie,10409597,356500314,9.78036E+12,4,11/12/2016,24/11/2016,paperback,read,,,,1,
Trixie,10409571,356500306,9.78036E+12,4,3/12/2016,24/11/2016,paperback,read,,,,1,
Trixie,8723550,356500292,9.78036E+12,4,25/11/2016,23/10/2016,paperback,read,,,,1,
Trixie,833428,552148997,9.78055E+12,0,,17/12/2015,paperback,read,Not on main shelves,,,1,
Trixie,1974134,552154903,9.78055E+12,0,,17/12/2015,paperback,read,Not on main shelves,,,1,
Trixie,10057167,356500284,9.78036E+12,4,23/10/2016,13/10/2016,paperback,read,,,,1,
Trixie,8244656,,,0,11/08/2015,19/08/2014,ebook,read,,,,1,
Trixie,9251500,356500276,9.78036E+12,5,13/10/2016,27/08/2016,paperback,read,,,,1,
Trixie,27245154,1472201736,9.78147E+12,0,7/10/2016,7/10/2016,paperback,read,,,,1,
Trixie,21411255,1472201779,9.78147E+12,4,29/09/2016,22/09/2016,paperback,read,,,,1,
Trixie,72193,747532745,9.78075E+12,3,22/05/2015,19/08/2014,paperback,read,,,,1,
Trixie,17452567,,,4,15/09/2016,23/12/2015,ebook,read,,,,1,
Trixie,19300686,,,5,12/09/2016,12/03/2016,ebook,read,"A highly amusing read.<br/>At times, it put me in mind of Good Omens, by Terry Pratchett and Neil Gaiman.",,,1,
Trixie,31126465,8181799,9.78001E+12,3,8/09/2016,19/08/2016,paperback,read,,,,1,
Trixie,29056083,751565350,9.78075E+12,4,20/08/2016,19/08/2016,hardcover,read,,,,1,
Trixie,317504,553561189,9.78055E+12,4,18/08/2016,14/08/2016,paperback,read,,,,1,
Trixie,13815,586203818,9.78059E+12,4,8/08/2016,28/07/2016,paperback,read,,,,1,
Trixie,589979,055327211X,9.78055E+12,4,28/07/2016,24/07/2016,paperback,read,,,,1,
Trixie,27796717,,9.78193E+12,4,22/07/2016,6/06/2016,ebook,read,,,,1,
Trixie,29491606,,,4,19/07/2016,6/06/2016,ebook,read,,,,1,
Trixie,18298597,,,4,14/07/2016,19/08/2014,ebook,read,,,,1,
Trixie,12201357,,,4,14/07/2016,19/08/2014,ebook,read,,,,1,
Trixie,29579309,,,3,13/07/2016,9/07/2016,ebook,read,,,,1,
Trixie,13813,586066888,9.78059E+12,5,5/07/2016,21/06/2016,paperback,read,,,,1,
Trixie,10285519,1408466651,9.78141E+12,0,23/06/2016,23/06/2016,audio-book,read,,,,1,
Trixie,20176586,1616554215,9.78162E+12,4,21/04/2015,26/12/2014,"graphic-novels, hardcover",read,,,,1,
Trixie,149302,586064176,9.78059E+12,0,20/06/2016,12/06/2016,"paperback, ebook",read,,,,1,
Trixie,29587763,730327418,9.78073E+12,4,19/06/2016,19/06/2016,paperback,read,"Having heard the positive thinking mantra many times, something that claims to be better piqued my interest at an airport recently.<br/><br/>Changing a belief system, now that's a different concept.<br/><br/>There's nothing spiritual or religious about this belief system, but it's definitely one you can work into any life.<br/><br/>Definitely a book for cogitation and sitting with for a bit, at least for me.<br/><br/>Looking to find motivation for something in your life? This may well be the book for you.",,,1,
Trixie,300985,586058281,9.78059E+12,4,12/06/2016,30/05/2016,paperback,read,,,,1,
Trixie,24952901,7557280,9.78001E+12,0,1/10/2015,27/09/2015,hardcover,read,,,,1,
Trixie,27830658,,,4,30/05/2016,24/05/2016,ebook,read,,,,1,
Trixie,26053996,,,4,27/05/2016,24/05/2016,ebook,read,,,,1,
Trixie,25687768,,,4,24/05/2016,24/05/2016,ebook,read,,,,1,
Trixie,24969093,,,4,17/05/2016,12/03/2016,ebook,read,,,,1,
Trixie,25737116,,,4,15/05/2016,8/05/2016,ebook,read,,,,1,2/05/2016
Trixie,23208937,,,4,7/05/2016,12/03/2016,ebook,read,,,,1,
Trixie,25014487,,,4,2/05/2016,12/03/2016,ebook,read,,,,1,
Trixie,24629568,,,4,30/04/2016,26/04/2016,ebook,read,,,,1,26/04/2016
Trixie,25305064,,,3,26/04/2016,26/04/2016,ebook,read,,,,1,26/04/2016
Trixie,26546695,,,3,25/04/2016,12/03/2016,ebook,read,,,,1,
Trixie,13088716,159582863X,9.7816E+12,0,,6/09/2014,"paperback, graphic-novels",read,,,,1,
Trixie,16398552,1616550996,9.78162E+12,0,12/03/2015,6/11/2014,"paperback, graphic-novels",read,,,,1,
Trixie,13576260,1595829229,9.7816E+12,0,26/12/2014,6/11/2014,"paperback, graphic-novels",read,,,,1,
Trixie,18685128,1616552549,9.78162E+12,0,7/04/2015,26/12/2014,"paperback, graphic-novels",read,,,,1,
Trixie,15747210,1595829903,9.7816E+12,0,2/01/2015,6/11/2014,"paperback, graphic-novels",read,,,,1,
Trixie,21870088,1616555033,9.78162E+12,4,31/12/2015,26/12/2014,"paperback, graphic-novels",read,,,,1,
Trixie,21532236,1616554894,9.78162E+12,4,26/12/2014,26/12/2014,"paperback, graphic-novels",read,,,,1,
Trixie,23494321,1408861984,9.78141E+12,0,1/01/2015,1/01/2015,"hardcover, graphic-novels",read,,,,1,
Trixie,17929619,1616551666,9.78162E+12,0,6/04/2015,26/12/2014,"paperback, graphic-novels",read,,,,1,
Trixie,21544277,1616554908,9.78162E+12,4,31/12/2015,26/12/2014,"paperback, graphic-novels",read,,,,1,
Trixie,179688,1569714452,9.78157E+12,0,20/08/2015,18/08/2015,"paperback, graphic-novels",read,,,,1,
Trixie,195806,1569717516,9.78157E+12,0,,17/12/2015,"paperback, graphic-novels",read,,,,1,
Trixie,22822935,1616556005,9.78162E+12,4,31/12/2015,30/12/2015,"paperback, graphic-novels",read,,,,1,
Trixie,18712934,1409159019,9.78E+12,4,4/10/2015,27/09/2015,paperback,read,,,,1,
Trixie,17604979,1616551453,9.78162E+12,0,25/07/2014,25/07/2014,"paperback, graphic-novels",read,,,,1,
Trixie,16398965,1616551097,9.78162E+12,0,21/01/2015,25/07/2014,"paperback, graphic-novels",read,,,,1,
Trixie,12994907,1595829148,9.7816E+12,0,3/11/2015,25/07/2014,"paperback, graphic-novels",read,,,,1,
Trixie,8596384,1595825614,9.7816E+12,0,3/11/2015,25/07/2014,"paperback, graphic-novels",read,,,,1,
Trixie,8978554,1595825770,9.7816E+12,4,18/01/2015,25/07/2014,"paperback, graphic-novels",read,,,,1,
Trixie,18877544,,9.78162E+12,0,,15/07/2014,"paperback, graphic-novels",read,,,,1,
Trixie,199915,1569717494,9.78157E+12,0,19/08/2014,15/07/2014,"paperback, graphic-novels",read,,,,1,
Trixie,5986331,1595823107,9.7816E+12,0,,15/07/2014,"paperback, graphic-novels",read,,,,1,
Trixie,9792887,1595826106,9.7816E+12,0,,15/07/2014,"paperback, graphic-novels",read,,,,1,
Trixie,18491564,1616552530,9.78162E+12,0,8/04/2015,15/07/2014,"paperback, graphic-novels",read,,,,1,
Trixie,13457078,1595828877,9.7816E+12,4,27/12/2014,15/07/2014,"paperback, graphic-novels",read,,,,1,
Trixie,15714509,1595829601,9.7816E+12,0,12/03/2015,15/07/2014,"paperback, graphic-novels",read,,,,1,
Trixie,16125774,1616550791,9.78162E+12,0,13/03/2015,15/07/2014,"paperback, graphic-novels",read,,,,1,
Trixie,17794133,1616551658,9.78162E+12,0,7/04/2015,15/07/2014,"paperback, graphic-novels",read,,,,1,
Trixie,8500922,1595825584,9.7816E+12,0,,15/07/2014,"paperback, graphic-novels",read,,,,1,
Trixie,2567987,159307963X,9.78159E+12,0,,15/07/2014,"paperback, graphic-novels",read,,,,1,
Trixie,3197145,1595821651,9.7816E+12,0,,15/07/2014,"paperback, graphic-novels",read,,,,1,
Trixie,6353855,1595823425,9.7816E+12,0,,15/07/2014,"paperback, graphic-novels",read,,,,1,
Trixie,7112241,1595824154,9.7816E+12,0,,15/07/2014,"paperback, graphic-novels",read,,,,1,
Trixie,26236379,,,4,23/03/2016,12/03/2016,ebook,read,,,,1,
Trixie,24999714,,,4,1/03/2016,18/01/2016,ebook,read,,,,1,
Trixie,26181442,1511733101,9.78151E+12,0,26/12/2015,6/12/2015,ebook,read,,,,1,
Trixie,20613470,1619630656,9.78162E+12,4,18/01/2016,31/12/2015,ebook,read,,,,1,
Trixie,23993654,1782115528,9.78178E+12,0,20/01/2015,30/12/2015,hardcover,read,,,,1,
Trixie,23307980,,,0,20/01/2015,30/12/2015,hardcover,read,,,,1,
Trixie,20699775,,,3,30/12/2015,21/11/2014,,read,,,,1,
Trixie,13565676,,,0,29/12/2015,30/12/2015,ebook,read,,,,1,
Trixie,13546173,,,0,29/12/2015,30/12/2015,ebook,read,,,,1,
Trixie,13419891,,,0,28/12/2015,30/12/2015,ebook,read,,,,1,
Trixie,18333581,,,0,28/12/2015,30/12/2015,ebook,read,,,,1,
Trixie,13415554,,,0,27/12/2015,30/12/2015,ebook,read,,,,1,
Trixie,17670709,1408834944,9.78141E+12,3,27/12/2015,3/01/2014,paperback,read,,,,1,
Trixie,27108707,,,3,26/12/2015,6/12/2015,ebook,read,,,,1,
Trixie,15713880,,,4,24/12/2015,19/08/2014,paperback,read,,,,1,
Trixie,3054684,61284408,9.78006E+12,0,,18/12/2015,paperback,read,,,,1,
Trixie,2722413,61284394,9.78006E+12,0,,18/12/2015,paperback,read,,,,1,
Trixie,8110348,312595123,9.78031E+12,0,,18/12/2015,paperback,read,,,,1,
Trixie,8652190,312650248,9.78031E+12,0,,18/12/2015,hardcover,read,,,,1,
Trixie,6917952,1905654944,9.78191E+12,0,,18/12/2015,hardcover,read,,,,1,
Trixie,6262365,1905654588,9.78191E+12,0,,18/12/2015,hardcover,read,,,,1,
Trixie,4134071,031237982X,9.78031E+12,0,,18/12/2015,hardcover,read,,,,1,
Trixie,2866718,312379838,9.78031E+12,0,,18/12/2015,hardcover,read,,,,1,
Trixie,1326258,312360304,9.78031E+12,0,,18/12/2015,hardcover,read,,,,1,
Trixie,676924,312360282,9.78031E+12,0,,18/12/2015,hardcover,read,,,,1,
Trixie,30183,312360266,9.78031E+12,0,,18/12/2015,hardcover,read,,,,1,
Trixie,6544975,7274459,9.78001E+12,0,,18/12/2015,paperback,read,,,,1,
Trixie,5152561,006121471X,9.78006E+12,0,,18/12/2015,paperback,read,,,,1,
Trixie,2321296,006121468X,9.78006E+12,0,,18/12/2015,paperback,read,,,,1,
Trixie,305234,61214655,9.78006E+12,0,,18/12/2015,paperback,read,,,,1,
Trixie,6368610,61659223,9.78006E+12,0,,18/12/2015,paperback,read,,,,1,
Trixie,7170750,1741168333,9.78174E+12,0,,18/12/2015,paperback,read,,,,1,
Trixie,17875517,1848452403,9.78185E+12,0,,18/12/2015,paperback,read,,,,1,
Trixie,12517748,8490001022,9.78849E+12,0,,18/12/2015,paperback,read,,,,1,
Trixie,7970273,778303918,9.78078E+12,0,,18/12/2015,paperback,read,,,,1,
Trixie,6351939,778325806,9.78078E+12,0,,18/12/2015,paperback,read,,,,1,
Trixie,6080889,778325644,9.78078E+12,0,,18/12/2015,paperback,read,,,,1,
Trixie,6487308,385738935,9.78039E+12,0,,18/12/2015,paperback,read,,,,1,
Trixie,6076369,749908947,9.78075E+12,0,,19/08/2014,paperback,read,,,,1,
Trixie,4969823,749908963,9.78075E+12,0,,19/08/2014,paperback,read,,,,1,
Trixie,6076368,749908971,9.78075E+12,0,,19/08/2014,paperback,read,,,,1,
Trixie,7141610,184149917X,9.78184E+12,0,,18/12/2015,paperback,read,,,,1,
Trixie,202039,886777712,9.78089E+12,0,,17/12/2015,paperback,read,,,,1,
Trixie,106609,99536013,9.7801E+12,0,,17/12/2015,paperback,read,,,,1,
Trixie,185261,451460790,9.78045E+12,0,,17/12/2015,paperback,read,,,,1,
Trixie,185259,451461029,9.78045E+12,0,,17/12/2015,paperback,read,,,,1,
Trixie,185260,451461282,9.78045E+12,0,,17/12/2015,paperback,read,,,,1,
Trixie,10750,60745908,9.78006E+12,0,,17/12/2015,paperback,read,,,,1,
Trixie,614558,345480309,9.78035E+12,0,,17/12/2015,paperback,read,,,,1,
Trixie,6134826,312532768,9.78031E+12,0,,17/12/2015,paperback,read,,,,1,
Trixie,3975774,031253275X,9.78031E+12,0,,17/12/2015,paperback,read,,,,1,
Trixie,15559,345435753,9.78035E+12,0,,17/12/2015,paperback,read,,,,1,
Trixie,92846,345397673,9.78035E+12,0,,17/12/2015,paperback,read,,,,1,
Trixie,15560,345396553,9.78035E+12,0,,17/12/2015,paperback,read,,,,1,
Trixie,1559902,345356950,9.78035E+12,0,,17/12/2015,paperback,read,,,,1,
Trixie,34914,708853285,9.78071E+12,0,,17/12/2015,paperback,read,,,,1,
Trixie,1444166,99255413,9.7801E+12,0,,17/12/2015,paperback,read,,,,1,
Trixie,1444165,99201313,9.7801E+12,0,,17/12/2015,paperback,read,,,,1,
Trixie,15564,1841491543,9.78184E+12,0,,17/12/2015,paperback,read,,,,1,
Trixie,34942,185723586X,9.78186E+12,0,,17/12/2015,paperback,read,,,,1,
Trixie,15561,1857231031,9.78186E+12,0,,17/12/2015,paperback,read,,,,1,
Trixie,92845,1857231082,9.78186E+12,0,,17/12/2015,paperback,read,,,,1,
Trixie,15547,1857232569,9.78186E+12,0,,17/12/2015,paperback,read,,,,1,
Trixie,15567,1857231325,9.78186E+12,0,,17/12/2015,paperback,read,,,,1,
Trixie,1698637,708880959,9.78071E+12,0,,17/12/2015,paperback,read,,,,1,
Trixie,15575,1857231511,9.78186E+12,0,,17/12/2015,paperback,read,,,,1,
Trixie,181010,552133264,9.78055E+12,0,,17/12/2015,paperback,read,,,,1,
Trixie,34498,413771164,9.78041E+12,0,,17/12/2015,paperback,read,,,,1,
Trixie,797191,552146161,9.78055E+12,0,,17/12/2015,paperback,read,,,,1,
Trixie,149839,552146153,9.78055E+12,0,,17/12/2015,paperback,read,,,,1,
Trixie,833429,552146145,9.78055E+12,0,,17/12/2015,paperback,read,,,,1,
Trixie,833436,,,0,,17/12/2015,paperback,read,,,,1,
Trixie,386368,,,0,,17/12/2015,paperback,read,,,,1,
Trixie,833425,552140287,9.78055E+12,0,,17/12/2015,paperback,read,,,,1,
Trixie,386374,,,0,,17/12/2015,paperback,read,,,,1,
Trixie,833427,552134651,9.78055E+12,0,,17/12/2015,paperback,read,,,,1,
Trixie,618221,552134635,9.78055E+12,0,,17/12/2015,paperback,read,,,,1,
Trixie,386373,552134619,9.78055E+12,0,,17/12/2015,paperback,read,,,,1,
Trixie,618207,,,0,,17/12/2015,paperback,read,,,,1,
Trixie,833422,552131059,9.78055E+12,0,,17/12/2015,paperback,read,,,,1,
Trixie,601239,552128481,9.78055E+12,0,,17/12/2015,paperback,read,,,,1,
Trixie,601238,552124753,9.78055E+12,0,,17/12/2015,paperback,read,,,,1,
Trixie,386282,,,0,,17/12/2015,paperback,read,,,,1,
Trixie,47905,140295798,9.78014E+12,3,5/12/2015,27/11/2015,paperback,read,,,,1,
Trixie,11060160,,,4,,19/08/2014,paperback,read,,,,1,
Trixie,23166769,,9.78178E+12,4,21/11/2014,21/11/2014,hardcover,read,,,,1,
Trixie,3950967,747599874,9.78075E+12,4,,19/08/2014,hardcover,read,,,,1,
Trixie,6479259,1595142509,9.7816E+12,3,11/06/2015,19/08/2014,paperback,read,,,,1,
Trixie,2754510,1420100963,9.78142E+12,4,,19/08/2014,paperback,read,,,,1,
Trixie,10591066,,,4,,19/08/2014,paperback,read,,,,1,
Trixie,11402352,,,3,,19/08/2014,hardcover,read,,,,1,
Trixie,7602227,575096462,9.78058E+12,3,,19/08/2014,hardcover,read,,,,1,
Trixie,18134171,,,0,13/10/2013,19/08/2014,ebook,read,,,,1,
Trixie,1785215,1564777847,9.78156E+12,0,,3/01/2014,hardcover,read,,,,1,
Trixie,19094147,,,0,23/03/2015,19/08/2014,ebook,read,,,,1,
Trixie,9640024,451464133,9.78045E+12,0,,24/08/2012,paperback,read,,,,1,
Trixie,18891400,,,0,14/04/2015,3/11/2015,ebook,read,,,,1,
Trixie,20623350,,,0,5/09/2015,21/08/2015,ebook,read,,,,1,
Trixie,24894078,,9.78193E+12,0,4/10/2015,2/10/2015,ebook,read,,,,1,
Trixie,22028134,,9.78193E+12,0,2/10/2015,2/10/2015,ebook,read,,,,1,
Trixie,18411969,,,0,14/04/2015,3/11/2015,ebook,read,,,,1,
Trixie,23481733,,,0,8/10/2015,7/10/2015,ebook,read,,,,1,
Trixie,25796232,,9.78193E+12,0,7/10/2015,2/10/2015,ebook,read,,,,1,
Trixie,17972522,,,0,21/08/2015,21/08/2015,ebook,read,,,,1,
Trixie,22694455,,,2,2/11/2015,1/11/2015,ebook,read,,,,1,
Trixie,23380296,,,3,15/04/2015,16/04/2015,ebook,read,,,,1,
Trixie,24037969,,,0,23/04/2015,21/05/2015,ebook,read,,,,1,
Trixie,20616283,,,3,15/04/2015,16/04/2015,ebook,read,,,,1,
Trixie,22388490,,,3,16/04/2015,16/04/2015,ebook,read,,,,1,
Trixie,23448457,,,3,17/04/2015,16/04/2015,ebook,read,,,,1,
Trixie,23486206,,,3,17/04/2015,16/04/2015,ebook,read,,,,1,
Trixie,25109144,,,0,19/08/2015,12/04/2015,ebook,read,,,,1,
Trixie,23400570,,,3,24/04/2015,12/04/2015,ebook,read,,,,1,
Trixie,18712469,,,0,9/08/2015,12/04/2015,ebook,read,,,,1,
Trixie,16061422,,,3,14/11/2015,12/04/2015,ebook,read,,,,1,
Trixie,22011085,,,0,20/08/2015,2/03/2015,ebook,read,,,,1,
Trixie,10779852,,,3,10/04/2015,2/03/2015,ebook,read,,,,1,
Trixie,22717194,,,2,27/04/2015,2/03/2015,ebook,read,,,,1,
Trixie,22729681,,,4,8/04/2015,11/02/2015,ebook,read,,,,1,
Trixie,11359575,,,2,6/04/2015,11/02/2015,ebook,read,,,,1,
Trixie,17331698,,,2,13/11/2015,11/02/2015,ebook,read,,,,1,
Trixie,16090278,,,3,15/11/2015,11/02/2015,ebook,read,,,,1,
Trixie,18468981,,,2,17/04/2015,11/02/2015,ebook,read,,,,1,
Trixie,23446924,,,4,17/02/2015,11/02/2015,ebook,read,,,,1,
Trixie,24670783,,,5,10/02/2015,10/02/2015,ebook,read,,,,1,
Trixie,23627879,,,4,15/01/2015,26/12/2014,ebook,read,"A wonderful sequel to the movie (which is a must see before reading the book!!)<br/><br/>The characters are true to the original series, and I see it as a wonderful way to extend the series for the addicts.",,,1,
Trixie,19520843,,,0,11/12/2014,21/11/2014,ebook,read,,,,1,
Trixie,22847232,,9.78099E+12,4,,19/08/2014,ebook,read,,,,1,
Trixie,23304054,,,5,7/02/2015,21/11/2014,ebook,read,,,,1,
Trixie,21045519,,,0,11/10/2015,21/11/2014,"paperback, ebook",read,,,,1,
Trixie,22596552,,,0,26/12/2014,19/08/2014,ebook,read,,,,1,
Trixie,12365189,,,0,27/07/2015,19/08/2014,ebook,read,,,,1,
Trixie,9317501,,,1,,19/08/2014,ebook,read,,,,1,
Trixie,9317500,,,1,,19/08/2014,ebook,read,,,,1,
Trixie,9769010,,,1,,19/08/2014,ebook,read,,,,1,
Trixie,11398113,,,0,,19/08/2014,ebook,read,,,,1,
Trixie,11037796,,,3,,19/08/2014,ebook,read,,,,1,
Trixie,13432890,,,3,,19/08/2014,ebook,read,,,,1,
Trixie,12506191,,,4,,19/08/2014,ebook,read,,,,1,
Trixie,9422540,,,4,,19/08/2014,ebook,read,,,,1,
Trixie,19032357,,9.78096E+12,2,,19/08/2014,ebook,read,,,,1,
Trixie,8159544,,,3,,19/08/2014,ebook,read,,,,1,
Trixie,8136931,,,4,,19/08/2014,ebook,read,,,,1,
Trixie,9317502,,,1,,19/08/2014,ebook,read,,,,1,
Trixie,15749364,,9.78096E+12,2,,19/08/2014,ebook,read,,,,1,
Trixie,22368672,,,4,,19/08/2014,ebook,read,,,,1,
Trixie,17569028,,,0,,19/08/2014,ebook,read,,,,1,
Trixie,18196260,,,0,,19/08/2014,ebook,read,,,,1,
Trixie,16158978,,,0,,19/08/2014,ebook,read,,,,1,
Trixie,17829214,,,0,,19/08/2014,ebook,read,,,,1,
Trixie,13477977,,,0,,19/08/2014,ebook,read,,,,1,
Trixie,19409366,,,4,,19/08/2014,ebook,read,,,,1,
Trixie,13572628,,,4,,19/08/2014,ebook,read,,,,1,
Trixie,19132828,,,0,6/09/2014,19/08/2014,ebook,read,,,,1,
Trixie,19509199,,,0,1/11/2014,19/08/2014,ebook,read,,,,1,
Trixie,19383302,,,0,1/11/2014,19/08/2014,ebook,read,,,,1,
Trixie,17061801,,,0,1/08/2014,19/08/2014,ebook,read,,,,1,
Trixie,18586586,,,0,,19/08/2014,ebook,read,,,,1,
Trixie,11398114,,,0,28/10/2015,19/08/2014,ebook,read,,,,1,
Trixie,19738287,,,0,23/10/2015,19/08/2014,ebook,read,,,,1,
Trixie,20737927,,,0,12/12/2014,19/08/2014,ebook,read,,,,1,
Trixie,11397923,,,0,13/10/2015,19/08/2014,ebook,read,,,,1,
Trixie,18806548,,,0,1/11/2015,19/08/2014,ebook,read,,,,1,
Trixie,18189614,,,0,13/04/2015,19/08/2014,ebook,read,,,,1,
Trixie,19384534,,,0,13/12/2014,19/08/2014,ebook,read,,,,1,
Trixie,22011012,,,0,14/12/2014,19/08/2014,ebook,read,,,,1,
Trixie,19040974,,,0,,19/08/2014,ebook,read,,,,1,
Trixie,18172465,62104926,9.78006E+12,3,22/11/2015,22/11/2015,paperback,read,,,,1,
Trixie,24374784,,,4,21/04/2015,2/03/2015,paperback,read,,,,1,
Trixie,1809343,140271511,9.78014E+12,4,30/11/2015,26/11/2015,paperback,read,,,,1,
Trixie,1961316,140134050,9.78014E+12,4,27/11/2015,26/11/2015,paperback,read,,,,1,
Trixie,13488299,,9.78014E+12,4,26/11/2015,26/11/2015,paperback,read,,,,1,
Trixie,23398746,452298350,9.78045E+12,5,25/11/2015,25/11/2015,paperback,read,,,,1,
Trixie,18004320,62104950,9.78006E+12,4,24/11/2015,22/11/2015,paperback,read,,,,1,
Trixie,136251,545010225,9.78055E+12,3,21/06/2015,19/08/2014,paperback,read,,,,1,
Trixie,840935,140252924,9.78014E+12,3,22/11/2014,21/11/2014,paperback,read,,,,1,
Trixie,1,439785960,9.78044E+12,3,17/06/2015,19/08/2014,paperback,read,,,,1,
Trixie,5996209,553819879,9.78055E+12,4,,19/08/2014,paperback,read,,,,1,
Trixie,15881,439064864,9.78044E+12,3,26/05/2015,19/08/2014,paperback,read,,,,1,
Trixie,6,,,3,2/06/2015,19/08/2014,paperback,read,,,,1,
Trixie,2,439358078,9.78044E+12,3,6/06/2015,19/08/2014,paperback,read,,,,1,
Trixie,2977487,758216432,9.78076E+12,4,,19/08/2014,paperback,read,,,,1,
Trixie,8709527,1595143173,9.7816E+12,3,1/07/2015,19/08/2014,paperback,read,,,,1,
Trixie,5996153,1595141987,9.7816E+12,3,7/06/2015,19/08/2014,paperback,read,,,,1,
Trixie,8709523,1595143181,9.7816E+12,3,12/07/2015,19/08/2014,paperback,read,,,,1,
Trixie,8709526,159514319X,9.7816E+12,3,18/07/2015,19/08/2014,paperback,read,,,,1,
Trixie,6527740,1595143068,9.7816E+12,3,12/06/2015,19/08/2014,paperback,read,,,,1,
Trixie,8709528,159514322X,9.7816E+12,4,27/07/2015,19/08/2014,paperback,read,,,,1,
Trixie,235718,758216416,9.78076E+12,4,,19/08/2014,paperback,read,,,,1,
Trixie,2802316,1595141979,9.7816E+12,3,4/06/2015,19/08/2014,paperback,read,,,,1,
Trixie,2233407,441015891,9.78044E+12,4,,19/08/2014,paperback,read,,,,1,
Trixie,61940,552139122,9.78055E+12,4,,19/08/2014,paperback,read,,,,1,
Trixie,5161066,441017150,9.78044E+12,4,,19/08/2014,paperback,read,,,,1,
Trixie,24869,552139149,9.78055E+12,4,,19/08/2014,paperback,read,,,,1,
Trixie,96460,552146293,9.78055E+12,4,,19/08/2014,paperback,read,,,,1,
Trixie,18660669,,,3,2/06/2015,19/08/2014,paperback,read,,,,1,
Trixie,18247324,,,3,13/04/2015,19/08/2014,paperback,read,,,,1,
Trixie,61938,517086034,9.78052E+12,4,,19/08/2014,paperback,read,,,,1,
Trixie,2282133,,,3,3/06/2015,19/08/2014,paperback,read,,,,1,
Trixie,61959,552137642,9.78055E+12,4,,19/08/2014,paperback,read,,,,1,
Trixie,140097,425217299,9.78043E+12,4,,19/08/2014,paperback,read,,,,1,
Trixie,6344832,425230155,9.78043E+12,4,,19/08/2014,paperback,read,,,,1,
Trixie,301082,441008534,9.78044E+12,4,,19/08/2014,paperback,read,,,,1,
Trixie,110494,1841493007,9.78184E+12,4,,19/08/2014,paperback,read,,,,1,
Trixie,140082,1841493015,9.78184E+12,4,,19/08/2014,paperback,read,,,,1,
Trixie,140078,425212033,9.78043E+12,4,,19/08/2014,paperback,read,,,,1,
Trixie,140075,441014941,9.78044E+12,4,,19/08/2014,paperback,read,,,,1,
Trixie,74045,553589598,9.78055E+12,3,,19/08/2014,paperback,read,,,,1,
Trixie,74043,055358846X,9.78055E+12,3,,19/08/2014,paperback,read,,,,1,
Trixie,2072153,553591142,9.78055E+12,3,,19/08/2014,paperback,read,,,,1,
Trixie,189359,1893896846,9.78189E+12,0,,19/08/2014,paperback,read,,,,1,
Trixie,3865030,553591150,9.78055E+12,3,,19/08/2014,paperback,read,,,,1,
Trixie,189360,055358961X,9.78055E+12,3,,19/08/2014,paperback,read,,,,1,
Trixie,6076380,553591169,9.78055E+12,3,,19/08/2014,paperback,read,,,,1,
Trixie,74046,553588478,9.78055E+12,3,,19/08/2014,paperback,read,,,,1,
Trixie,58077,425212890,9.78043E+12,4,,19/08/2014,paperback,read,,,,1,
Trixie,6986858,,,3,,19/08/2014,paperback,read,,,,1,
Trixie,172764,553588451,9.78055E+12,3,,19/08/2014,paperback,read,,,,1,
Trixie,22838025,1921880287,9.78192E+12,4,23/07/2015,19/08/2014,paperback,read,,,,1,
Trixie,125926,553590154,9.78055E+12,0,,19/08/2014,paperback,read,,,,1,
Trixie,11918,452286034,9.78045E+12,0,,19/08/2014,paperback,read,,,,1,
Trixie,11915,553588184,9.78055E+12,0,,19/08/2014,paperback,read,,,,1,
Trixie,21970091,140915517X,9.78141E+12,5,24/08/2014,19/08/2014,paperback,read,,,,1,
Trixie,125925,553590162,9.78055E+12,0,,19/08/2014,paperback,read,,,,1,
Trixie,11149141,,,4,,19/08/2014,paperback,read,,,,1,
Trixie,11137450,,9.78058E+12,3,,19/08/2014,paperback,read,,,,1,
Trixie,464164,747546290,9.78075E+12,0,27/05/2015,3/06/2014,paperback,read,,,,1,
Trixie,11758941,977547639,9.78098E+12,0,,3/01/2014,paperback,read,,,,1,
Trixie,18866664,,9.78192E+12,4,25/07/2015,3/01/2014,paperback,read,,,,1,
Trixie,124650,7107927,9.78001E+12,0,,26/08/2012,paperback,read,,,,1,
Trixie,124717,7103417,9.78001E+12,0,,26/08/2012,paperback,read,,,,1,
Trixie,3060616,1844837165,9.78184E+12,0,,3/01/2014,paperback,read,,,,1,
Trixie,7960307,749953020,9.78075E+12,0,,3/01/2014,paperback,read,,,,1,
Trixie,13177535,,,0,22/06/2015,22/06/2015,ebook,read,,,,1,
Trixie,4107256,1841497762,9.78184E+12,0,,19/08/2014,paperback,read,,,,1,
Trixie,10863148,1841498033,9.78184E+12,0,,19/08/2014,paperback,read,,,,1,
Trixie,6725785,525951784,9.78053E+12,0,,19/08/2014,paperback,read,,,,1,
Trixie,2813124,553806645,9.78055E+12,0,,19/08/2014,paperback,read,,,,1,
Trixie,7797032,1841498076,9.78184E+12,0,,19/08/2014,paperback,read,,,,1,
Trixie,862350,553588370,9.78055E+12,0,,19/08/2014,paperback,read,,,,1,
Trixie,11922,452285933,9.78045E+12,0,,19/08/2014,paperback,read,,,,1,
Trixie,11919,553587080,9.78055E+12,0,,19/08/2014,paperback,read,,,,1,
Trixie,18873242,,,4,,19/08/2014,paperback,read,,,,1,
Trixie,1541884,553806610,9.78055E+12,0,,19/08/2014,paperback,read,,,,1,
Trixie,11182703,,,4,,19/08/2014,paperback,read,,,,1,
Trixie,18957788,,,0,,19/08/2014,paperback,read,,,,1,
Trixie,13562219,,,4,16/11/2015,11/02/2015,,read,,,,1,
Trixie,11335942,,,4,,19/08/2014,,read,,,,1,
Trixie,8658215,,,2,,19/08/2014,,read,,,,1,
Trixie,5762581,,,2,,19/08/2014,,read,,,,1,
Trixie,5624799,,,2,,19/08/2014,,read,,,,1,
Trixie,15981487,,,0,,19/08/2014,,read,,,,1,
Trixie,47170450,,,0,,26/08/2019,"ebook, to-read",to-read,,,,0,
Trixie,44937108,,,0,,26/08/2019,"to-read, ebook",to-read,,,,0,
Trixie,44782214,,,0,,26/08/2019,"to-read, ebook",to-read,,,,0,
Trixie,44440262,,,0,,26/08/2019,"to-read, ebook",to-read,,,,0,
Trixie,19775731,,,0,,26/08/2019,"to-read, ebook",to-read,,,,0,
Trixie,35231859,,,0,,26/08/2019,"to-read, ebook",to-read,,,,0,
Trixie,25388199,,,0,,26/08/2019,"to-read, ebook",to-read,,,,0,
Trixie,36240582,,,0,,26/08/2019,"to-read, ebook",to-read,,,,0,
Trixie,18634109,,,0,,19/08/2014,"to-read, ebook",to-read,,,,0,
Trixie,41445323,,,0,,8/04/2019,"paperback, to-read",to-read,,,,0,
Trixie,17745735,,,0,,26/12/2014,"ebook, to-read",to-read,,,,0,
Trixie,21796414,,,0,,20/12/2018,"ebook, to-read",to-read,,,,0,
Trixie,20645164,,,0,,20/12/2018,"ebook, to-read",to-read,,,,0,
Trixie,15779193,,,0,,20/12/2018,"ebook, to-read",to-read,,,,0,
Trixie,33958407,,,0,,20/12/2018,"ebook, to-read",to-read,,,,0,
Trixie,34058936,,,0,,20/12/2018,"ebook, to-read",to-read,,,,0,
Trixie,10397403,,,0,,19/08/2014,"to-read, ebook",to-read,,,,0,
Trixie,22211114,,,0,,19/08/2014,"ebook, not-currently-reading",not-currently-reading,,,,0,
Trixie,18865949,,,0,,19/08/2014,"to-read, ebook",to-read,,,,0,
Trixie,33022782,,,0,,16/12/2017,"to-read, ebook",to-read,,,,0,
Trixie,22843053,,,0,,16/07/2017,"to-read, ebook",to-read,,,,0,
Trixie,18954846,,,0,,16/07/2017,"to-read, ebook",to-read,,,,0,
Trixie,18954848,,,0,,16/07/2017,"to-read, ebook",to-read,,,,0,
Trixie,18954844,,,0,,16/07/2017,"to-read, ebook",to-read,,,,0,
Trixie,35178875,,,0,,16/07/2017,"to-read, ebook",to-read,,,,0,
Trixie,6512869,,,0,,16/07/2017,"to-read, ebook",to-read,,,,0,
Trixie,19184641,,,0,,16/07/2017,"to-read, ebook",to-read,,,,0,
Trixie,33021758,,,0,,16/07/2017,"to-read, ebook",to-read,,,,0,
Trixie,25362142,,,0,,16/07/2017,"to-read, ebook",to-read,,,,0,
Trixie,18810874,,,0,,16/07/2017,"to-read, ebook",to-read,,,,0,
Trixie,23627072,,,0,,17/01/2017,"to-read, ebook",to-read,,,,0,
Trixie,33829095,,,0,,17/01/2017,"to-read, ebook",to-read,,,,0,
Trixie,29565936,,,0,,17/01/2017,"to-read, ebook",to-read,,,,0,
Trixie,10328119,,,0,,17/01/2017,"to-read, ebook",to-read,,,,0,
Trixie,18934355,,,0,,17/01/2017,"to-read, ebook",to-read,,,,0,
Trixie,18905561,,,0,,17/01/2017,"to-read, ebook",to-read,,,,0,
Trixie,25132578,,,0,,17/01/2017,"to-read, ebook",to-read,,,,0,
Trixie,29367042,,,0,,17/01/2017,"to-read, ebook",to-read,,,,0,
Trixie,30120253,,,0,,17/01/2017,"to-read, ebook",to-read,,,,0,
Trixie,25757266,,,0,,17/01/2017,"to-read, ebook",to-read,,,,0,
Trixie,23703741,,,0,,17/01/2017,"to-read, ebook",to-read,,,,0,
Trixie,23279680,,,0,,17/01/2017,"to-read, ebook",to-read,,,,0,
Trixie,30850180,,,0,,17/01/2017,"to-read, ebook",to-read,,,,0,
Trixie,18463822,,9.78073E+12,0,,14/01/2017,"to-read, paperback",to-read,,,,0,
Trixie,954373,,,0,,14/01/2017,"to-read, paperback",to-read,,,,0,
Trixie,7698681,,9.78174E+12,0,,17/12/2015,"to-read, paperback",to-read,,,,0,
Trixie,8816969,,9.78174E+12,0,,17/12/2015,"to-read, paperback",to-read,,,,0,
Trixie,11777684,,9.78073E+12,0,,14/01/2017,"to-read, paperback",to-read,,,,0,
Trixie,27829617,,,0,,26/12/2016,"to-read, ebook",to-read,,,,0,
Trixie,28223686,,,0,,26/12/2016,"to-read, ebook",to-read,,,,0,
Trixie,33406133,,,0,,26/12/2016,"to-read, ebook",to-read,,,,0,
Trixie,8786449,,,0,,26/12/2016,"to-read, ebook",to-read,,,,0,
Trixie,13010378,,,0,,26/12/2016,"ebook, to-read",to-read,,,,0,
Trixie,33521694,,,0,,26/12/2016,"to-read, ebook",to-read,,,,0,
Trixie,20032466,,,0,,26/12/2016,"to-read, ebook",to-read,,,,0,
Trixie,16064853,,,0,,26/12/2016,"to-read, ebook",to-read,,,,0,
Trixie,27304591,,,0,,26/12/2016,"to-read, ebook",to-read,,,,0,
Trixie,26045106,,,0,,26/12/2016,"to-read, ebook",to-read,,,,0,
Trixie,23627121,,,0,,26/12/2016,"to-read, ebook",to-read,,,,0,
Trixie,22884844,,,0,,26/12/2016,"to-read, ebook",to-read,,,,0,
Trixie,17794220,,,0,,26/12/2016,"to-read, ebook",to-read,,,,0,
Trixie,18685328,,,0,,26/12/2016,"to-read, ebook",to-read,,,,0,
Trixie,19341437,,,0,,26/12/2016,"to-read, ebook",to-read,,,,0,
Trixie,18857205,,,0,,26/12/2016,"to-read, ebook",to-read,,,,0,
Trixie,30955930,,,0,,26/12/2016,"to-read, ebook",to-read,,,,0,
Trixie,23810727,,,0,,26/12/2016,"to-read, ebook",to-read,,,,0,
Trixie,18880679,,9.78099E+12,0,,26/12/2016,"to-read, ebook",to-read,,,,0,
Trixie,12966247,,,0,,23/12/2015,"ebook, to-read",to-read,,,,0,
Trixie,15739697,,,0,,19/08/2014,"to-read, ebook",to-read,,,,0,
Trixie,27751337,,,0,,28/07/2016,"to-read, ebook",to-read,,,,0,
Trixie,21202675,,,0,,28/07/2016,"to-read, ebook",to-read,,,,0,
Trixie,18858310,,,0,,28/07/2016,"ebook, to-read",to-read,,,,0,
Trixie,28087670,,,0,,12/07/2016,"to-read, ebook",to-read,,,,0,
Trixie,26590191,,,0,,9/07/2016,"to-read, ebook",to-read,,,,0,
Trixie,26093198,,,0,,9/07/2016,"to-read, ebook",to-read,,,,0,
Trixie,17979605,,,0,,9/07/2016,"to-read, ebook",to-read,,,,0,
Trixie,25845514,,,0,,9/07/2016,"to-read, ebook",to-read,,,,0,
Trixie,22388244,,,0,,9/07/2016,"to-read, ebook",to-read,,,,0,
Trixie,27843111,,,0,,9/07/2016,"ebook, to-read",to-read,,,,0,
Trixie,25455454,,,0,,9/07/2016,"ebook, to-read",to-read,,,,0,
Trixie,24156572,,,0,,6/06/2016,"ebook, to-read",to-read,,,,0,
Trixie,23396039,,,0,,6/06/2016,"ebook, to-read",to-read,,,,0,
Trixie,24004387,,,0,,30/05/2016,"ebook, to-read",to-read,,,,0,
Trixie,27314300,,,0,,30/05/2016,"ebook, to-read",to-read,,,,0,
Trixie,26873278,,,0,,30/05/2016,"ebook, to-read",to-read,,,,0,
Trixie,25496466,,,0,,24/05/2016,"to-read, paperback",to-read,,,,0,
Trixie,24728088,,,0,,24/05/2016,"to-read, ebook",to-read,,,,0,
Trixie,18928853,,,0,,24/05/2016,"to-read, ebook",to-read,,,,0,
Trixie,18951555,,,0,,24/05/2016,"to-read, ebook",to-read,,,,0,
Trixie,20959574,,,0,,24/05/2016,"to-read, ebook",to-read,,,,0,
Trixie,28595966,,,0,,24/05/2016,"to-read, ebook",to-read,,,,0,
Trixie,24236697,,,2,,24/05/2016,"to-read, ebook",to-read,,,,0,
Trixie,13645506,,,0,,24/05/2016,"to-read, ebook",to-read,,,,0,
Trixie,15777401,,,0,,24/05/2016,to-read,to-read,,,,0,
Trixie,14031401,,,0,,24/05/2016,to-read,to-read,,,,0,
Trixie,29492896,,,0,,26/04/2016,"ebook, to-read",to-read,,,,0,26/04/2016
Trixie,26831954,,,0,,26/04/2016,"ebook, to-read",to-read,,,,0,26/04/2016
Trixie,21943285,,,0,,26/04/2016,"ebook, to-read",to-read,,,,0,26/04/2016
Trixie,25549355,,,0,,26/04/2016,"ebook, to-read",to-read,,,,0,26/04/2016
Trixie,22072831,,,0,,5/04/2016,"to-read, ebook",to-read,,,,0,
Trixie,23790372,,,0,,5/04/2016,"to-read, ebook",to-read,,,,0,
Trixie,21965671,,,0,,5/04/2016,"to-read, ebook",to-read,,,,0,
Trixie,6590354,,,0,,5/04/2016,"ebook, to-read",to-read,,,,0,
Trixie,11301266,,,0,,12/03/2016,"to-read, ebook",to-read,,,,0,
Trixie,12355784,,,0,,12/03/2016,"to-read, ebook",to-read,,,,0,
Trixie,24379773,,,0,,12/03/2016,"to-read, ebook",to-read,,,,0,
Trixie,23154559,,,0,,12/03/2016,"to-read, ebook",to-read,,,,0,
Trixie,20369768,,,0,,12/03/2016,"to-read, ebook",to-read,,,,0,
Trixie,22403388,,,0,,12/03/2016,"to-read, ebook",to-read,,,,0,
Trixie,28177053,,,0,,12/03/2016,"ebook, to-read",to-read,,,,0,
Trixie,28379591,,,0,,12/03/2016,"ebook, to-read",to-read,,,,0,
Trixie,11479538,,,0,,12/03/2016,"ebook, to-read",to-read,,,,0,
Trixie,16084685,,,0,,12/03/2016,"to-read, ebook",to-read,,,,0,
Trixie,11352552,,,0,,12/03/2016,"to-read, ebook",to-read,,,,0,
Trixie,25863548,,,0,,12/03/2016,"to-read, ebook",to-read,,,,0,
Trixie,28104804,,,0,,12/03/2016,"to-read, ebook",to-read,,,,0,
Trixie,17979809,,,0,,12/03/2016,"to-read, ebook",to-read,,,,0,
Trixie,16082143,,,0,,12/03/2016,"to-read, ebook",to-read,,,,0,
Trixie,22457524,,,0,,12/03/2016,"to-read, ebook",to-read,,,,0,
Trixie,27826531,,,0,,12/03/2016,"to-read, ebook",to-read,,,,0,
Trixie,11063306,,,0,,12/03/2016,"to-read, ebook",to-read,,,,0,
Trixie,28542220,,,0,,12/03/2016,"to-read, ebook",to-read,,,,0,
Trixie,20644752,,,0,,12/03/2016,"to-read, ebook",to-read,,,,0,
Trixie,12741696,,,0,,12/03/2016,"to-read, ebook",to-read,,,,0,
Trixie,25458643,,,0,,12/03/2016,"to-read, ebook",to-read,,,,0,
Trixie,27411249,,,0,,12/03/2016,"to-read, ebook",to-read,,,,0,
Trixie,14478204,,,0,,12/03/2016,"to-read, ebook",to-read,,,,0,
Trixie,25835605,,,0,,12/03/2016,"to-read, ebook",to-read,,,,0,
Trixie,26132256,,,0,,12/03/2016,"to-read, ebook",to-read,,,,0,
Trixie,25706931,,,0,,12/03/2016,"to-read, ebook",to-read,,,,0,
Trixie,23257010,,,0,,12/03/2016,"to-read, ebook",to-read,,,,0,
Trixie,15781629,,,0,,21/05/2015,"to-read, ebook",to-read,,,,0,
Trixie,16429619,,,0,,18/01/2016,to-read,to-read,,,,0,
Trixie,20611771,,,0,,23/12/2015,"ebook, to-read",to-read,,,,0,
Trixie,13498427,,,0,,23/12/2015,"ebook, to-read",to-read,,,,0,
Trixie,24676867,,,0,,23/12/2015,"ebook, to-read",to-read,,,,0,
Trixie,23011800,,,0,,23/12/2015,"ebook, to-read",to-read,,,,0,
Trixie,15059301,,,0,,23/12/2015,"ebook, to-read",to-read,,,,0,
Trixie,13628795,,,0,,23/12/2015,"ebook, to-read",to-read,,,,0,
Trixie,18888866,,,0,,23/12/2015,"ebook, to-read",to-read,,,,0,
Trixie,24443918,,,0,,23/12/2015,"ebook, to-read",to-read,,,,0,
Trixie,17912350,,,0,,23/12/2015,"ebook, to-read",to-read,,,,0,
Trixie,27824418,,,0,,6/12/2015,to-read,to-read,,,,0,
Trixie,16131815,,,0,,2/12/2015,"ebook, to-read",to-read,,,,0,
Trixie,18888139,,,0,,2/12/2015,"ebook, to-read",to-read,,,,0,
Trixie,23601034,,,0,,2/12/2015,"ebook, to-read",to-read,,,,0,
Trixie,20555672,,,0,,2/12/2015,"ebook, to-read",to-read,,,,0,
Trixie,18455548,,,0,,2/12/2015,"ebook, to-read",to-read,,,,0,
Trixie,11663719,,,0,,2/12/2015,"ebook, to-read",to-read,,,,0,
Trixie,17457907,,,0,,2/12/2015,"ebook, to-read",to-read,,,,0,
Trixie,25633837,,,0,,2/12/2015,"ebook, to-read",to-read,,,,0,
Trixie,20502469,,,0,,19/08/2014,"to-read, ebook",to-read,,,,0,
Trixie,21531761,,,0,,28/11/2015,"to-read, ebook",to-read,,,,0,
Trixie,27809810,,9.78174E+12,0,,27/11/2015,"to-read, paperback",to-read,,,,0,
Trixie,25117505,,,0,,12/04/2015,"to-read, ebook",to-read,,,,0,
Trixie,23453952,,,0,,11/02/2015,"to-read, ebook",to-read,,,,0,
Trixie,13433636,,,0,,19/08/2014,"to-read, ebook",to-read,,,,0,
Trixie,17737996,,,0,,21/05/2015,"to-read, ebook",to-read,,,,0,
Trixie,19002714,,9.78146E+12,0,,19/08/2014,"to-read, ebook",to-read,,,,0,
Trixie,23301818,,9.78001E+12,0,,2/03/2015,"to-read, ebook",to-read,,,,0,
Trixie,16038463,,,0,,19/08/2014,"to-read, ebook",to-read,,,,0,
Trixie,15736950,,,0,,19/08/2014,"to-read, ebook",to-read,,,,0,
